,Open Time,Ticket,Symbol,Type,Size,Price,S / L,T / P,Close Time,Price2,Commission,Swap,Profit
0,2024.08.07 13:40:38,261181889,US30,buy,,,,,,,,,0.01
1,2024.08.08 04:00:02,261467925,US30,buy,505028,505028,505028,505028,505028,505028,505028,505028,0.02
2,2024.08.09 12:00:00,262076026,US30,buy,505035,505035,505035,505035,505035,505035,505035,505035,0.02
3,2024.08.09 12:00:00,262076027,SP500,buy,69038,69038,69038,69038,69038,69038,69038,69038,0.01
4,2024.08.09 16:00:00,262169269,US30,sell,505026,505026,505026,505026,505026,505026,505026,505026,0.02
5,2024.08.09 20:00:00,262295775,US30,sell,505035,505035,505035,505035,505035,505035,505035,505035,0.02
6,2024.08.12 04:00:00,262434487,US30,buy,505011,505011,505011,505011,505011,505011,505011,505011,0.02
7,2024.08.12 08:00:11,262472731,US30,buy,505028,505028,505028,505028,505028,505028,505028,505028,0.02
8,2024.08.12 16:00:00,262642893,US30,buy,505049,505049,505049,505049,505049,505049,505049,505049,0.02
9,2024.08.13 04:00:00,262872616,US30,buy,505003,505003,505003,505003,505003,505003,505003,505003,0.01
10,2024.08.13 20:00:00,263264326,US30,sell,505011,505011,505011,505011,505011,505011,505011,505011,0.01
11,2024.08.14 20:00:00,263735393,US30,buy,505057,505057,505057,505057,505057,505057,505057,505057,0.01
12,2024.08.15 04:00:01,263791644,US30,buy,505007,505007,505007,505007,505007,505007,505007,505007,0.01
13,2024.08.15 08:00:19,263833621,US30,sell,505018,505018,505018,505018,505018,505018,505018,505018,0.01
14,2024.08.16 20:00:00,264589496,SP500,buy,69042,69042,69042,69042,69042,69042,69042,69042,0.01
15,2024.08.19 16:00:00,264963576,US30,buy,505027,505027,505027,505027,505027,505027,505027,505027,0.01
16,2024.08.21 12:00:01,265791687,SP500,buy,69025,69025,69025,69025,69025,69025,69025,69025,0.01
17,2024.08.21 20:00:00,266058635,US30,sell,505026,505026,505026,505026,505026,505026,505026,505026,0.01
18,2024.08.22 08:00:09,266177010,US30,buy,505028,505028,505028,505028,505028,505028,505028,505028,0.01
19,2024.08.23 04:00:05,266592516,US30,sell,505064,505064,505064,505064,505064,505064,505064,505064,0.01
20,2024.08.27 16:00:00,267814351,US30,buy,505028,505028,505028,505028,505028,505028,505028,505028,0.01
21,2024.08.29 20:00:00,268976914,SP500,buy,69007,69007,69007,69007,69007,69007,69007,69007,0.01
22,2024.08.29 20:00:00,268976933,SP500,buy,69038,69038,69038,69038,69038,69038,69038,69038,0.01
23,2024.08.30 04:00:04,269043468,SP500,buy,69010,69010,69010,69010,69010,69010,69010,69010,0.01
24,2024.08.30 12:00:07,269170280,SP500,buy,69038,69038,69038,69038,69038,69038,69038,69038,0.01
25,2024.08.30 18:11:01,269394650,US30,buy,,,,,,,,,0.01
26,2024.08.30 18:12:35,269395616,US30,buy,,,,,,,,,0.01
27,2024.08.30 18:15:43,269398200,US30,buy,,,,,,,,,0.01
28,2024.08.30 20:00:00,269449421,US30,buy,505028,505028,505028,505028,505028,505028,505028,505028,0.01
29,2024.08.30 22:01:38,269476045,US30,buy,,,,,,,,,0.01
30,2024.08.30 22:08:08,269476887,US30,buy,,,,,,,,,0.01
31,2024.08.30 22:13:58,269477583,US30,buy,,,,,,,,,0.01
32,2024.09.03 16:00:00,270237887,US30,sell,505049,505049,505049,505049,505049,505049,505049,505049,0.02
33,2024.09.03 20:00:00,270407201,US30,sell,505003,505003,505003,505003,505003,505003,505003,505003,0.02
34,2024.09.04 04:00:00,270484085,US30,buy,505011,505011,505011,505011,505011,505011,505011,505011,0.02
35,2024.09.04 08:00:02,270532560,US30,sell,505057,505057,505057,505057,505057,505057,505057,505057,0.02
36,2024.09.04 08:00:02,270532562,US30,sell,505065,505065,505065,505065,505065,505065,505065,505065,0.02
37,2024.09.04 16:00:00,270764919,US30,sell,505007,505007,505007,505007,505007,505007,505007,505007,0.02
38,2024.09.04 16:00:00,270764929,US30,sell,505027,505027,505027,505027,505027,505027,505027,505027,0.02
39,2024.09.04 20:00:00,270932110,US30,sell,505011,505011,505011,505011,505011,505011,505011,505011,0.02
40,2024.09.05 08:00:00,271044061,SP500,buy,69042,69042,69042,69042,69042,69042,69042,69042,0.01
41,2024.09.05 20:00:00,271451262,US30,sell,505011,505011,505011,505011,505011,505011,505011,505011,0.01
42,2024.09.05 20:00:00,271451265,US30,buy,505028,505028,505028,505028,505028,505028,505028,505028,0.01
43,2024.09.05 20:00:00,271451271,US30,sell,505057,505057,505057,505057,505057,505057,505057,505057,0.01
44,2024.09.06 12:00:00,271634320,US30,sell,505035,505035,505035,505035,505035,505035,505035,505035,0.01
45,2024.09.06 20:00:00,271950534,US30,sell,505011,505011,505011,505011,505011,505011,505011,505011,0.01
46,2024.09.09 12:00:00,272230324,US30,buy,505035,505035,505035,505035,505035,505035,505035,505035,0.01
47,2024.09.09 20:00:00,272496806,US30,sell,505011,505011,505011,505011,505011,505011,505011,505011,0.01
48,2024.09.10 04:00:00,272568170,US30,buy,505011,505011,505011,505011,505011,505011,505011,505011,0.01
49,2024.09.10 04:00:05,272568352,SP500,sell,69025,69025,69025,69025,69025,69025,69025,69025,0.01
50,2024.09.10 20:00:00,273026850,US30,sell,505011,505011,505011,505011,505011,505011,505011,505011,0.01
51,2024.09.10 20:00:00,273026864,US30,sell,505026,505026,505026,505026,505026,505026,505026,505026,0.01
52,2024.09.10 20:00:00,273026876,US30,buy,505028,505028,505028,505028,505028,505028,505028,505028,0.01
53,2024.09.11 16:00:00,273390277,US30,sell,505035,505035,505035,505035,505035,505035,505035,505035,0.01
54,2024.09.12 04:00:05,273634595,US30,sell,505003,505003,505003,505003,505003,505003,505003,505003,0.01
55,2024.09.12 04:00:05,273634598,US30,buy,505064,505064,505064,505064,505064,505064,505064,505064,0.01
56,2024.09.12 08:00:00,273682100,US30,buy,505035,505035,505035,505035,505035,505035,505035,505035,0.01
57,2024.09.12 12:00:01,273788244,US30,sell,505026,505026,505026,505026,505026,505026,505026,505026,0.01
58,2024.09.13 04:00:01,274205493,US30,buy,505057,505057,505057,505057,505057,505057,505057,505057,0.01
59,2024.09.13 04:00:01,274205518,US30,buy,505065,505065,505065,505065,505065,505065,505065,505065,0.01
60,2024.09.13 12:00:00,274365079,US30,buy,505049,505049,505049,505049,505049,505049,505049,505049,0.01
61,2024.09.13 16:00:00,274468275,SP500,buy,69007,69007,69007,69007,69007,69007,69007,69007,0.01
62,2024.09.13 20:00:00,274615732,US30,buy,505007,505007,505007,505007,505007,505007,505007,505007,0.01
63,2024.09.16 12:00:00,274887554,US30,sell,505027,505027,505027,505027,505027,505027,505027,505027,0.01
64,2024.09.17 04:00:00,275217995,US30,buy,505027,505027,505027,505027,505027,505027,505027,505027,0.01
65,2024.09.17 16:00:00,275523095,US30,sell,505018,505018,505018,505018,505018,505018,505018,505018,0.01
66,2024.09.18 04:00:02,275777151,US30,sell,505027,505027,505027,505027,505027,505027,505027,505027,0.01
67,2024.09.18 04:00:03,275777153,SP500,buy,69042,69042,69042,69042,69042,69042,69042,69042,0.01
68,2024.09.18 12:00:05,275923310,US30,buy,505028,505028,505028,505028,505028,505028,505028,505028,0.01
69,2024.09.18 20:00:01,276174552,SP500,buy,69025,69025,69025,69025,69025,69025,69025,69025,0.01
70,2024.09.23 04:00:06,277402227,SP500,buy,69000,69000,69000,69000,69000,69000,69000,69000,0.01
71,2024.09.23 16:00:00,277667993,SP500,buy,69025,69025,69025,69025,69025,69025,69025,69025,0.01
72,2024.09.24 04:00:00,277880278,US30,buy,505028,505028,505028,505028,505028,505028,505028,505028,0.01
73,2024.09.24 20:00:00,278362590,US30,sell,505026,505026,505026,505026,505026,505026,505026,505026,0.01
74,2024.09.26 04:00:01,278937278,US30,sell,505064,505064,505064,505064,505064,505064,505064,505064,0.01
75,2024.09.26 16:00:00,279228948,US30,sell,505049,505049,505049,505049,505049,505049,505049,505049,0.01
76,2024.09.30 20:00:00,280417940,US30,buy,505028,505028,505028,505028,505028,505028,505028,505028,0.01
77,2024.10.02 04:00:00,281056214,US30,sell,505003,505003,505003,505003,505003,505003,505003,505003,0.01
78,2024.10.02 08:00:00,281109384,US30,sell,505064,505064,505064,505064,505064,505064,505064,505064,0.01
79,2024.10.03 08:00:00,281638887,SP500,buy,69013,69013,69013,69013,69013,69013,69013,69013,0.01
80,2024.10.03 16:00:01,281878627,US30,buy,505028,505028,505028,505028,505028,505028,505028,505028,0.01
81,2024.10.03 20:00:00,282032889,SP500,sell,69010,69010,69010,69010,69010,69010,69010,69010,0.01
82,2024.10.04 04:00:00,282087799,US30,buy,505011,505011,505011,505011,505011,505011,505011,505011,0.01
83,2024.10.04 08:00:01,282129719,US30,sell,505011,505011,505011,505011,505011,505011,505011,505011,0.01
84,2024.10.04 12:00:00,282214503,US30,sell,505007,505007,505007,505007,505007,505007,505007,505007,0.01
85,2024.10.04 16:00:00,282335829,US30,buy,505007,505007,505007,505007,505007,505007,505007,505007,0.01
86,2024.10.04 16:00:00,282335900,SP500,buy,69038,69038,69038,69038,69038,69038,69038,69038,0.01
87,2024.10.07 12:00:00,282777955,DAX40,sell,69021,69021,69021,69021,69021,69021,69021,69021,0.01
88,2024.10.07 12:00:00,282778038,US30,sell,505003,505003,505003,505003,505003,505003,505003,505003,0.01
89,2024.10.07 19:00:00,283043100,DAX40,buy,69023,69023,69023,69023,69023,69023,69023,69023,0.01
90,2024.10.07 20:00:00,283062933,US30,buy,505028,505028,505028,505028,505028,505028,505028,505028,0.01
91,2024.10.07 20:00:00,283062997,SP500,buy,69038,69038,69038,69038,69038,69038,69038,69038,0.01
92,2024.10.08 04:00:00,283139918,US30,sell,505007,505007,505007,505007,505007,505007,505007,505007,0.01
93,2024.10.08 04:00:00,283139952,US30,buy,505011,505011,505011,505011,505011,505011,505011,505011,0.01
94,2024.10.08 04:00:00,283139971,US30,buy,505018,505018,505018,505018,505018,505018,505018,505018,0.01
95,2024.10.08 04:00:01,283139983,US30,sell,505027,505027,505027,505027,505027,505027,505027,505027,0.01
96,2024.10.08 08:00:00,283205799,US30,sell,505065,505065,505065,505065,505065,505065,505065,505065,0.01
97,2024.10.08 16:00:00,283447975,US30,buy,505035,505035,505035,505035,505035,505035,505035,505035,0.01
98,2024.10.08 20:00:00,283627004,US30,sell,505011,505011,505011,505011,505011,505011,505011,505011,0.01
99,2024.10.08 20:00:00,283627060,US30,sell,505035,505035,505035,505035,505035,505035,505035,505035,0.01
100,2024.10.08 20:00:00,283627063,SP500,buy,69038,69038,69038,69038,69038,69038,69038,69038,0.01
101,2024.10.09 04:00:00,283692846,US30,sell,505057,505057,505057,505057,505057,505057,505057,505057,0.01
102,2024.10.09 04:00:00,283693022,US30,buy,505064,505064,505064,505064,505064,505064,505064,505064,0.01
103,2024.10.09 16:00:01,283952527,US30,sell,505018,505018,505018,505018,505018,505018,505018,505018,0.01
104,2024.10.09 18:00:02,284063553,DAX40,sell,69040,69040,69040,69040,69040,69040,69040,69040,0.01
105,2024.10.09 20:00:00,284116872,SP500,buy,69007,69007,69007,69007,69007,69007,69007,69007,0.01
106,2024.10.09 20:00:00,284116873,US30,buy,505027,505027,505027,505027,505027,505027,505027,505027,0.01
107,2024.10.09 20:00:00,284116917,US30,buy,505035,505035,505035,505035,505035,505035,505035,505035,0.01
108,2024.10.09 20:00:00,284116938,US30,buy,505057,505057,505057,505057,505057,505057,505057,505057,0.01
109,2024.10.09 20:00:01,284116949,US30,buy,505065,505065,505065,505065,505065,505065,505065,505065,0.01
110,2024.10.10 12:00:00,284320903,US30,buy,505018,505018,505018,505018,505018,505018,505018,505018,0.01
111,2024.10.10 12:00:00,284320925,US30,sell,505035,505035,505035,505035,505035,505035,505035,505035,0.01
112,2024.10.10 17:00:00,284510112,DAX40,sell,69021,69021,69021,69021,69021,69021,69021,69021,0.01
113,2024.10.10 20:00:01,284607701,DAX40,buy,69038,69038,69038,69038,69038,69038,69038,69038,0.01
114,2024.10.11 04:00:03,284680929,US30,buy,505028,505028,505028,505028,505028,505028,505028,505028,0.01
115,2024.10.11 16:00:03,284927961,SP500,buy,69042,69042,69042,69042,69042,69042,69042,69042,0.01
116,2024.10.11 20:00:00,285062514,US30,buy,505035,505035,505035,505035,505035,505035,505035,505035,0.01
117,2024.10.14 16:00:00,285438225,US30,sell,505018,505018,505018,505018,505018,505018,505018,505018,0.01
118,2024.10.15 18:00:00,286081562,DAX40,sell,69021,69021,69021,69021,69021,69021,69021,69021,0.01
119,2024.10.16 08:00:11,286266058,US30,sell,505026,505026,505026,505026,505026,505026,505026,505026,0.01
120,2024.10.16 12:00:00,286385428,SP500,buy,69013,69013,69013,69013,69013,69013,69013,69013,0.01
121,2024.10.16 17:00:01,286563529,DAX40,sell,69023,69023,69023,69023,69023,69023,69023,69023,0.01
122,2024.10.16 20:00:00,286675839,US30,buy,505035,505035,505035,505035,505035,505035,505035,505035,0.01
123,2024.10.17 16:00:00,287031999,DAX40,sell,69039,69039,69039,69039,69039,69039,69039,69039,0.01
124,2024.10.21 13:00:00,287979744,DAX40,buy,69012,69012,69012,69012,69012,69012,69012,69012,0.01
125,2024.10.21 20:00:00,288244591,US30,buy,505028,505028,505028,505028,505028,505028,505028,505028,0.01
126,2024.10.21 20:00:00,288244615,US30,sell,505035,505035,505035,505035,505035,505035,505035,505035,0.01
127,2024.10.22 04:00:00,288314993,DAX40,sell,69023,69023,69023,69023,69023,69023,69023,69023,0.01
128,2024.10.22 04:00:00,288315001,US30,sell,73013,73013,73013,73013,73013,73013,73013,73013,0.01
129,2024.10.22 08:00:00,288369958,US30,sell,505049,505049,505049,505049,505049,505049,505049,505049,0.01
130,2024.10.22 08:00:01,288369967,US30,sell,505064,505064,505064,505064,505064,505064,505064,505064,0.01
131,2024.10.22 12:00:00,288478122,US30,sell,505003,505003,505003,505003,505003,505003,505003,505003,0.01
132,2024.10.22 13:00:00,288510321,DAX40,buy,69012,69012,69012,69012,69012,69012,69012,69012,0.01
133,2024.10.22 13:00:00,288510362,DAX40,buy,69040,69040,69040,69040,69040,69040,69040,69040,0.01
134,2024.10.22 15:00:00,288568226,DAX40,buy,69000,69000,69000,69000,69000,69000,69000,69000,0.01
135,2024.10.22 16:00:01,288603332,US30,buy,505011,505011,505011,505011,505011,505011,505011,505011,0.01
136,2024.10.22 16:00:01,288603334,US30,sell,73004,73004,73004,73004,73004,73004,73004,73004,0.01
137,2024.10.22 16:00:01,288603353,US30,sell,73036,73036,73036,73036,73036,73036,73036,73036,0.01
138,2024.10.22 20:00:00,288769031,US30,sell,505011,505011,505011,505011,505011,505011,505011,505011,0.01
139,2024.10.23 12:00:00,289010921,US30,sell,505065,505065,505065,505065,505065,505065,505065,505065,0.01
140,2024.10.23 14:00:00,289065409,DAX40,buy,69012,69012,69012,69012,69012,69012,69012,69012,0.01
141,2024.10.23 16:00:00,289141593,US30,buy,73027,73027,73027,73027,73027,73027,73027,73027,0.01
142,2024.10.23 20:00:01,289333139,US30,buy,73022,73022,73022,73022,73022,73022,73022,73022,0.01
143,2024.10.24 04:00:00,289402971,US30,sell,505007,505007,505007,505007,505007,505007,505007,505007,0.01
144,2024.10.25 02:00:01,289850592,DAX40,buy,69023,69023,69023,69023,69023,69023,69023,69023,0.01
145,2024.10.25 11:00:00,289978181,DAX40,buy,69005,69005,69005,69005,69005,69005,69005,69005,0.01
146,2024.10.25 20:00:00,290245749,US30,buy,505018,505018,505018,505018,505018,505018,505018,505018,0.01
147,2024.10.25 20:00:00,290245787,US30,sell,505027,505027,505027,505027,505027,505027,505027,505027,0.01
148,2024.10.25 20:00:00,290245798,US30,buy,73016,73016,73016,73016,73016,73016,73016,73016,0.01
149,2024.10.25 20:00:00,290245801,SP500,buy,69038,69038,69038,69038,69038,69038,69038,69038,0.01
150,2024.10.28 04:00:00,290381795,DAX40,sell,69038,69038,69038,69038,69038,69038,69038,69038,0.01
151,2024.10.28 04:00:00,290381800,SP500,buy,69042,69042,69042,69042,69042,69042,69042,69042,0.01
152,2024.10.28 05:00:03,290401109,DAX40,buy,69039,69039,69039,69039,69039,69039,69039,69039,0.01
153,2024.10.28 12:00:00,290522778,US30,buy,73037,73037,73037,73037,73037,73037,73037,73037,0.01
154,2024.10.28 18:00:00,290707681,DAX40,buy,69038,69038,69038,69038,69038,69038,69038,69038,0.01
155,2024.10.29 04:00:17,290818124,SP500,buy,69010,69010,69010,69010,69010,69010,69010,69010,0.01
156,2024.10.29 16:00:00,291086457,US30,sell,505026,505026,505026,505026,505026,505026,505026,505026,0.01
157,2024.10.29 20:00:00,291259923,US30,buy,505028,505028,505028,505028,505028,505028,505028,505028,0.01
158,2024.10.30 12:00:00,291482425,US30,sell,73037,73037,73037,73037,73037,73037,73037,73037,0.01
159,2024.10.30 18:00:00,291719710,DAX40,buy,69000,69000,69000,69000,69000,69000,69000,69000,0.01
160,2024.10.31 12:00:01,291982758,US30,sell,73007,73007,73007,73007,73007,73007,73007,73007,0.01
161,2024.10.31 18:00:00,292243144,DAX40,buy,69012,69012,69012,69012,69012,69012,69012,69012,0.01
162,2024.11.01 11:00:00,292455480,DAX40,buy,69000,69000,69000,69000,69000,69000,69000,69000,0.01
163,2024.11.01 20:00:00,292706862,US30,sell,505011,505011,505011,505011,505011,505011,505011,505011,0.01
164,2024.11.04 02:00:00,292841305,DAX40,sell,69021,69021,69021,69021,69021,69021,69021,69021,0.01
165,2024.11.04 03:00:00,292850710,DAX40,buy,69013,69013,69013,69013,69013,69013,69013,69013,0.01
166,2024.11.04 12:00:00,293026299,US30,buy,73011,73011,73011,73011,73011,73011,73011,73011,0.01
167,2024.11.04 12:00:01,293026361,SP500,sell,69000,69000,69000,69000,69000,69000,69000,69000,0.01
168,2024.11.04 13:00:00,293051998,EURUSD,sell,89001,89001,89001,89001,89001,89001,89001,89001,0.05
169,2024.11.04 19:00:00,293248698,DAX40,buy,69012,69012,69012,69012,69012,69012,69012,69012,0.01
170,2024.11.05 02:00:00,293301176,EURUSD,buy,89005,89005,89005,89005,89005,89005,89005,89005,0.05
171,2024.11.05 02:00:00,293301187,EURUSD,buy,89015,89015,89015,89015,89015,89015,89015,89015,0.05
172,2024.11.05 03:00:00,293308966,EURUSD,buy,89021,89021,89021,89021,89021,89021,89021,89021,0.05
173,2024.11.05 05:00:02,293336247,EURUSD,sell,89015,89015,89015,89015,89015,89015,89015,89015,0.05
174,2024.11.05 06:00:00,293350622,EURUSD,buy,89015,89015,89015,89015,89015,89015,89015,89015,0.05
175,2024.11.05 08:00:00,293375487,EURUSD,sell,89002,89002,89002,89002,89002,89002,89002,89002,0.05
176,2024.11.05 08:00:00,293375502,EURUSD,sell,89011,89011,89011,89011,89011,89011,89011,89011,0.05
177,2024.11.05 08:00:01,293375526,EURUSD,sell,89015,89015,89015,89015,89015,89015,89015,89015,0.05
178,2024.11.05 08:00:01,293375532,EURUSD,sell,89017,89017,89017,89017,89017,89017,89017,89017,0.05
179,2024.11.05 13:00:00,293490479,EURUSD,buy,89009,89009,89009,89009,89009,89009,89009,89009,0.05
180,2024.11.05 14:00:00,293507397,EURUSD,sell,89011,89011,89011,89011,89011,89011,89011,89011,0.05
181,2024.11.05 14:00:00,293507431,EURUSD,sell,89017,89017,89017,89017,89017,89017,89017,89017,0.05
182,2024.11.05 20:00:00,293693830,US30,sell,505011,505011,505011,505011,505011,505011,505011,505011,0.01
183,2024.11.06 03:00:00,293758281,EURUSD,buy,89002,89002,89002,89002,89002,89002,89002,89002,0.05
184,2024.11.06 03:00:00,293758313,EURUSD,buy,89007,89007,89007,89007,89007,89007,89007,89007,0.05
185,2024.11.06 03:00:00,293758332,EURUSD,buy,89008,89008,89008,89008,89008,89008,89008,89008,0.05
186,2024.11.06 03:00:01,293758342,EURUSD,buy,89011,89011,89011,89011,89011,89011,89011,89011,0.05
187,2024.11.06 03:00:01,293758352,EURUSD,buy,89013,89013,89013,89013,89013,89013,89013,89013,0.05
188,2024.11.06 03:00:01,293758362,EURUSD,buy,89019,89019,89019,89019,89019,89019,89019,89019,0.05
189,2024.11.06 04:00:00,293781632,US30,buy,505003,505003,505003,505003,505003,505003,505003,505003,0.01
190,2024.11.06 04:00:00,293781633,SP500,buy,69038,69038,69038,69038,69038,69038,69038,69038,0.01
191,2024.11.06 04:00:00,293781676,US30,buy,505035,505035,505035,505035,505035,505035,505035,505035,0.01
192,2024.11.06 04:00:08,293781783,DAX40,sell,69040,69040,69040,69040,69040,69040,69040,69040,0.01
193,2024.11.06 08:00:00,293870462,US30,buy,505049,505049,505049,505049,505049,505049,505049,505049,0.01
194,2024.11.06 08:00:00,293870463,US30,buy,73008,73008,73008,73008,73008,73008,73008,73008,0.01
195,2024.11.06 08:00:00,293870469,SP500,buy,69007,69007,69007,69007,69007,69007,69007,69007,0.01
196,2024.11.06 08:00:00,293870470,US30,buy,505057,505057,505057,505057,505057,505057,505057,505057,0.01
197,2024.11.06 09:00:00,293911812,EURUSD,buy,89006,89006,89006,89006,89006,89006,89006,89006,0.05
198,2024.11.06 09:00:00,293911826,DAX40,buy,69005,69005,69005,69005,69005,69005,69005,69005,0.01
199,2024.11.06 10:00:00,293944680,EURUSD,buy,89010,89010,89010,89010,89010,89010,89010,89010,0.05
200,2024.11.06 12:00:00,293997601,US30,buy,505007,505007,505007,505007,505007,505007,505007,505007,0.01
201,2024.11.06 12:00:00,293997636,US30,buy,505065,505065,505065,505065,505065,505065,505065,505065,0.01
202,2024.11.06 13:00:00,294017243,EURUSD,sell,89009,89009,89009,89009,89009,89009,89009,89009,0.05
203,2024.11.06 16:00:00,294138412,US30,buy,505027,505027,505027,505027,505027,505027,505027,505027,0.01
204,2024.11.06 20:00:00,294255630,US30,buy,73027,73027,73027,73027,73027,73027,73027,73027,0.01
205,2024.11.07 06:00:04,294347182,DAX40,buy,69000,69000,69000,69000,69000,69000,69000,69000,0.01
206,2024.11.07 08:00:00,294371902,EURUSD,sell,89021,89021,89021,89021,89021,89021,89021,89021,0.05
207,2024.11.07 11:00:00,294447555,DAX40,buy,69005,69005,69005,69005,69005,69005,69005,69005,0.01
208,2024.11.07 12:00:00,294473482,EURUSD,buy,89017,89017,89017,89017,89017,89017,89017,89017,0.05
209,2024.11.07 15:00:00,294543706,EURUSD,sell,89011,89011,89011,89011,89011,89011,89011,89011,0.05
210,2024.11.07 15:00:00,294543764,EURUSD,sell,89017,89017,89017,89017,89017,89017,89017,89017,0.05
211,2024.11.07 16:00:00,294587383,EURUSD,sell,89009,89009,89009,89009,89009,89009,89009,89009,0.05
212,2024.11.07 18:00:00,294671206,EURUSD,sell,89005,89005,89005,89005,89005,89005,89005,89005,0.05
213,2024.11.07 18:00:00,294671232,DAX40,sell,69040,69040,69040,69040,69040,69040,69040,69040,0.01
214,2024.11.07 19:00:00,294694964,EURUSD,buy,89004,89004,89004,89004,89004,89004,89004,89004,0.05
215,2024.11.08 02:00:00,294771471,EURUSD,buy,89005,89005,89005,89005,89005,89005,89005,89005,0.05
216,2024.11.08 04:00:00,294795127,US30,buy,73032,73032,73032,73032,73032,73032,73032,73032,0.01
217,2024.11.08 08:00:02,294840786,US30,buy,505028,505028,505028,505028,505028,505028,505028,505028,0.01
218,2024.11.08 09:00:00,294863522,EURUSD,buy,89021,89021,89021,89021,89021,89021,89021,89021,0.05
219,2024.11.08 12:00:00,294949350,DAX40,buy,69012,69012,69012,69012,69012,69012,69012,69012,0.01
220,2024.11.08 19:00:00,295171266,EURUSD,buy,89011,89011,89011,89011,89011,89011,89011,89011,0.05
221,2024.11.08 19:00:00,295171297,EURUSD,buy,89017,89017,89017,89017,89017,89017,89017,89017,0.05
222,2024.11.11 05:00:11,295382764,DAX40,sell,69013,69013,69013,69013,69013,69013,69013,69013,0.01
223,2024.11.11 10:00:00,295460832,DAX40,buy,69005,69005,69005,69005,69005,69005,69005,69005,0.01
224,2024.11.11 22:00:00,295833194,DAX40,buy,69013,69013,69013,69013,69013,69013,69013,69013,0.01
225,2024.11.12 04:00:03,295896024,US30,buy,73028,73028,73028,73028,73028,73028,73028,73028,0.01
226,2024.11.12 12:00:00,296118666,SP500,buy,69025,69025,69025,69025,69025,69025,69025,69025,0.01
227,2024.11.12 17:00:00,296324885,EURUSD,buy,89001,89001,89001,89001,89001,89001,89001,89001,0.05
228,2024.11.12 19:00:00,296411989,DAX40,buy,69040,69040,69040,69040,69040,69040,69040,69040,0.01
229,2024.11.13 04:00:02,296519734,US30,buy,73015,73015,73015,73015,73015,73015,73015,73015,0.01
230,2024.11.13 04:00:02,296519738,US30,buy,73045,73045,73045,73045,73045,73045,73045,73045,0.01
231,2024.11.13 04:00:02,296519746,US30,buy,73046,73046,73046,73046,73046,73046,73046,73046,0.01
232,2024.11.13 05:00:01,296535898,EURUSD,buy,89021,89021,89021,89021,89021,89021,89021,89021,0.05
233,2024.11.13 08:00:00,296579551,SP500,buy,69013,69013,69013,69013,69013,69013,69013,69013,0.01
234,2024.11.13 11:00:00,296664731,DAX40,buy,69000,69000,69000,69000,69000,69000,69000,69000,0.01
235,2024.11.13 12:00:00,296694418,EURUSD,sell,89001,89001,89001,89001,89001,89001,89001,89001,0.05
236,2024.11.13 12:00:00,296694442,EURUSD,sell,89008,89008,89008,89008,89008,89008,89008,89008,0.05
237,2024.11.13 14:00:00,296743031,EURUSD,sell,89008,89008,89008,89008,89008,89008,89008,89008,0.05
238,2024.11.13 14:00:00,296743127,EURUSD,sell,89009,89009,89009,89009,89009,89009,89009,89009,0.05
239,2024.11.13 17:00:00,296907353,EURUSD,buy,89015,89015,89015,89015,89015,89015,89015,89015,0.05
240,2024.11.13 23:00:00,297090573,EURUSD,buy,89001,89001,89001,89001,89001,89001,89001,89001,0.05
241,2024.11.14 12:00:00,297346508,US30,buy,73042,73042,73042,73042,73042,73042,73042,73042,0.01
242,2024.11.14 16:00:00,297487469,EURUSD,sell,89009,89009,89009,89009,89009,89009,89009,89009,0.05
243,2024.11.14 20:00:00,297664460,EURUSD,sell,89021,89021,89021,89021,89021,89021,89021,89021,0.05
244,2024.11.14 20:00:00,297664492,US30,buy,505028,505028,505028,505028,505028,505028,505028,505028,0.01
245,2024.11.14 20:00:00,297664497,US30,sell,73003,73003,73003,73003,73003,73003,73003,73003,0.01
246,2024.11.15 08:00:00,297799659,US30,sell,505049,505049,505049,505049,505049,505049,505049,505049,0.01
247,2024.11.15 09:00:00,297828797,EURUSD,sell,89008,89008,89008,89008,89008,89008,89008,89008,0.05
248,2024.11.15 10:00:00,297855881,DAX40,buy,69040,69040,69040,69040,69040,69040,69040,69040,0.01
249,2024.11.15 11:00:00,297895480,DAX40,sell,69040,69040,69040,69040,69040,69040,69040,69040,0.01
250,2024.11.15 12:00:00,297926880,EURUSD,buy,89018,89018,89018,89018,89018,89018,89018,89018,0.05
251,2024.11.15 13:00:00,297954996,EURUSD,sell,89005,89005,89005,89005,89005,89005,89005,89005,0.05
252,2024.11.15 13:00:00,297955061,EURUSD,sell,89018,89018,89018,89018,89018,89018,89018,89018,0.05
253,2024.11.15 17:00:00,298121249,EURUSD,buy,89015,89015,89015,89015,89015,89015,89015,89015,0.05
254,2024.11.15 19:00:00,298198150,EURUSD,sell,89008,89008,89008,89008,89008,89008,89008,89008,0.05
255,2024.11.15 19:00:00,298198227,EURUSD,sell,89015,89015,89015,89015,89015,89015,89015,89015,0.05
256,2024.11.15 20:00:00,298218230,EURUSD,buy,89021,89021,89021,89021,89021,89021,89021,89021,0.05
257,2024.11.18 04:00:00,298439988,US30,buy,505011,505011,505011,505011,505011,505011,505011,505011,0.01
258,2024.11.18 09:00:00,298521172,BTCUSD,buy,86002,86002,86002,86002,86002,86002,86002,86002,0.01
259,2024.11.18 09:00:00,298521231,BTCUSD,buy,86012,86012,86012,86012,86012,86012,86012,86012,0.01
260,2024.11.18 10:00:00,298546764,BTCUSD,buy,86003,86003,86003,86003,86003,86003,86003,86003,0.01
261,2024.11.18 10:00:00,298546815,BTCUSD,buy,86005,86005,86005,86005,86005,86005,86005,86005,0.01
262,2024.11.18 10:00:00,298546839,BTCUSD,buy,86006,86006,86006,86006,86006,86006,86006,86006,0.01
263,2024.11.18 11:00:00,298583220,BTCUSD,buy,86008,86008,86008,86008,86008,86008,86008,86008,0.01
264,2024.11.18 11:00:00,298583237,DAX40,buy,69013,69013,69013,69013,69013,69013,69013,69013,0.01
265,2024.11.18 12:00:00,298623452,BTCUSD,buy,86009,86009,86009,86009,86009,86009,86009,86009,0.01
266,2024.11.18 12:00:00,298623497,US30,sell,505035,505035,505035,505035,505035,505035,505035,505035,0.01
267,2024.11.18 12:00:00,298623498,BTCUSD,buy,86010,86010,86010,86010,86010,86010,86010,86010,0.01
268,2024.11.18 12:00:00,298623527,US30,sell,505065,505065,505065,505065,505065,505065,505065,505065,0.01
269,2024.11.18 13:00:00,298651267,BTCUSD,buy,86004,86004,86004,86004,86004,86004,86004,86004,0.01
270,2024.11.18 13:00:00,298651331,BTCUSD,buy,86011,86011,86011,86011,86011,86011,86011,86011,0.01
271,2024.11.18 14:00:00,298680333,BTCUSD,buy,86002,86002,86002,86002,86002,86002,86002,86002,0.01
272,2024.11.18 14:00:00,298680387,BTCUSD,buy,86006,86006,86006,86006,86006,86006,86006,86006,0.01
273,2024.11.18 14:00:00,298680413,BTCUSD,buy,86007,86007,86007,86007,86007,86007,86007,86007,0.01
274,2024.11.18 14:00:01,298680431,BTCUSD,buy,86009,86009,86009,86009,86009,86009,86009,86009,0.01
275,2024.11.18 14:00:01,298680436,BTCUSD,buy,86010,86010,86010,86010,86010,86010,86010,86010,0.01
276,2024.11.18 15:00:00,298709256,BTCUSD,buy,86008,86008,86008,86008,86008,86008,86008,86008,0.01
277,2024.11.18 15:00:00,298709307,BTCUSD,buy,86012,86012,86012,86012,86012,86012,86012,86012,0.01
278,2024.11.18 16:00:00,298762129,BTCUSD,buy,86003,86003,86003,86003,86003,86003,86003,86003,0.01
279,2024.11.18 16:00:00,298762184,BTCUSD,buy,86005,86005,86005,86005,86005,86005,86005,86005,0.01
280,2024.11.18 19:00:00,298900691,BTCUSD,buy,86003,86003,86003,86003,86003,86003,86003,86003,0.01
281,2024.11.18 19:00:00,298900785,BTCUSD,buy,86005,86005,86005,86005,86005,86005,86005,86005,0.01
282,2024.11.18 19:00:01,298900831,BTCUSD,buy,86008,86008,86008,86008,86008,86008,86008,86008,0.01
283,2024.11.18 20:00:05,298925483,US30,sell,505011,505011,505011,505011,505011,505011,505011,505011,0.01
284,2024.11.18 20:00:05,298925485,BTCUSD,buy,86009,86009,86009,86009,86009,86009,86009,86009,0.01
285,2024.11.18 20:00:05,298925489,BTCUSD,buy,86010,86010,86010,86010,86010,86010,86010,86010,0.01
286,2024.11.18 21:00:00,298942652,BTCUSD,buy,86006,86006,86006,86006,86006,86006,86006,86006,0.01
287,2024.11.18 22:00:00,298956569,BTCUSD,buy,86007,86007,86007,86007,86007,86007,86007,86007,0.01
288,2024.11.18 22:00:00,298956613,BTCUSD,buy,86011,86011,86011,86011,86011,86011,86011,86011,0.01
289,2024.11.18 23:00:00,298964681,BTCUSD,buy,86012,86012,86012,86012,86012,86012,86012,86012,0.01
290,2024.11.19 01:05:11,298971742,DAX40,buy,69040,69040,69040,69040,69040,69040,69040,69040,0.01
291,2024.11.19 02:00:00,298978837,BTCUSD,buy,86006,86006,86006,86006,86006,86006,86006,86006,0.01
292,2024.11.19 03:00:00,298990042,BTCUSD,buy,86008,86008,86008,86008,86008,86008,86008,86008,0.01
293,2024.11.19 04:00:00,299009603,BTCUSD,buy,86009,86009,86009,86009,86009,86009,86009,86009,0.01
294,2024.11.19 04:00:00,299009639,BTCUSD,buy,86010,86010,86010,86010,86010,86010,86010,86010,0.01
295,2024.11.19 06:00:00,299044558,BTCUSD,buy,86004,86004,86004,86004,86004,86004,86004,86004,0.01
296,2024.11.19 06:00:00,299044584,DAX40,buy,69021,69021,69021,69021,69021,69021,69021,69021,0.01
297,2024.11.19 08:00:00,299072866,BTCUSD,buy,86012,86012,86012,86012,86012,86012,86012,86012,0.01
298,2024.11.19 08:00:00,299072967,US30,buy,505035,505035,505035,505035,505035,505035,505035,505035,0.01
299,2024.11.19 09:00:00,299093386,BTCUSD,buy,86004,86004,86004,86004,86004,86004,86004,86004,0.01
300,2024.11.19 10:00:00,299129879,BTCUSD,buy,86003,86003,86003,86003,86003,86003,86003,86003,0.01
301,2024.11.19 10:00:00,299129948,BTCUSD,buy,86011,86011,86011,86011,86011,86011,86011,86011,0.01
302,2024.11.19 11:00:00,299182423,DAX40,buy,69040,69040,69040,69040,69040,69040,69040,69040,0.01
303,2024.11.19 12:00:00,299236461,BTCUSD,buy,86000,86000,86000,86000,86000,86000,86000,86000,0.01
304,2024.11.19 12:00:00,299236488,DAX40,buy,69012,69012,69012,69012,69012,69012,69012,69012,0.01
305,2024.11.19 12:00:00,299236510,BTCUSD,buy,86001,86001,86001,86001,86001,86001,86001,86001,0.01
306,2024.11.19 12:00:00,299236517,SP500,buy,69013,69013,69013,69013,69013,69013,69013,69013,0.01
307,2024.11.19 12:00:00,299236520,US30,sell,505035,505035,505035,505035,505035,505035,505035,505035,0.01
308,2024.11.19 13:00:00,299264363,BTCUSD,buy,86007,86007,86007,86007,86007,86007,86007,86007,0.01
309,2024.11.19 13:00:00,299264416,BTCUSD,buy,86008,86008,86008,86008,86008,86008,86008,86008,0.01
310,2024.11.19 15:00:00,299323777,BTCUSD,buy,86002,86002,86002,86002,86002,86002,86002,86002,0.01
311,2024.11.19 15:00:00,299323846,BTCUSD,buy,86009,86009,86009,86009,86009,86009,86009,86009,0.01
312,2024.11.19 15:00:00,299323865,BTCUSD,buy,86010,86010,86010,86010,86010,86010,86010,86010,0.01
313,2024.11.19 16:00:00,299383453,BTCUSD,buy,86003,86003,86003,86003,86003,86003,86003,86003,0.01
314,2024.11.19 16:00:00,299383485,DAX40,buy,69039,69039,69039,69039,69039,69039,69039,69039,0.01
315,2024.11.19 16:00:00,299383524,US30,sell,505057,505057,505057,505057,505057,505057,505057,505057,0.01
316,2024.11.19 16:00:00,299383590,BTCUSD,buy,86006,86006,86006,86006,86006,86006,86006,86006,0.01
317,2024.11.19 18:00:00,299500807,DAX40,buy,69000,69000,69000,69000,69000,69000,69000,69000,0.01
318,2024.11.19 19:00:00,299530302,BTCUSD,buy,86004,86004,86004,86004,86004,86004,86004,86004,0.01
319,2024.11.19 19:00:01,299530328,BTCUSD,buy,86011,86011,86011,86011,86011,86011,86011,86011,0.01
320,2024.11.19 20:00:00,299554852,US30,buy,505057,505057,505057,505057,505057,505057,505057,505057,0.01
321,2024.11.19 20:00:00,299554857,US30,sell,73033,73033,73033,73033,73033,73033,73033,73033,0.01
322,2024.11.19 22:00:00,299585416,BTCUSD,buy,86005,86005,86005,86005,86005,86005,86005,86005,0.01
323,2024.11.19 22:00:00,299585442,BTCUSD,buy,86006,86006,86006,86006,86006,86006,86006,86006,0.01
324,2024.11.19 23:00:00,299593318,BTCUSD,buy,86005,86005,86005,86005,86005,86005,86005,86005,0.01
325,2024.11.19 23:00:00,299593367,BTCUSD,buy,86006,86006,86006,86006,86006,86006,86006,86006,0.01
326,2024.11.19 23:00:01,299593379,BTCUSD,buy,86007,86007,86007,86007,86007,86007,86007,86007,0.01
327,2024.11.20 02:00:00,299609681,BTCUSD,buy,86008,86008,86008,86008,86008,86008,86008,86008,0.01
328,2024.11.20 03:00:00,299621604,BTCUSD,buy,86004,86004,86004,86004,86004,86004,86004,86004,0.01
329,2024.11.20 03:00:00,299621648,BTCUSD,buy,86009,86009,86009,86009,86009,86009,86009,86009,0.01
330,2024.11.20 03:00:00,299621671,BTCUSD,buy,86010,86010,86010,86010,86010,86010,86010,86010,0.01
331,2024.11.20 04:00:00,299639190,US30,sell,505007,505007,505007,505007,505007,505007,505007,505007,0.01
332,2024.11.20 04:00:10,299639325,DAX40,buy,69023,69023,69023,69023,69023,69023,69023,69023,0.01
333,2024.11.20 05:00:00,299651160,BTCUSD,buy,86011,86011,86011,86011,86011,86011,86011,86011,0.01
334,2024.11.20 05:00:06,299651277,DAX40,buy,69005,69005,69005,69005,69005,69005,69005,69005,0.01
335,2024.11.20 08:00:00,299690557,BTCUSD,buy,86002,86002,86002,86002,86002,86002,86002,86002,0.01
336,2024.11.20 08:00:04,299690686,US30,sell,73002,73002,73002,73002,73002,73002,73002,73002,0.01
337,2024.11.20 09:00:00,299721147,BTCUSD,buy,86003,86003,86003,86003,86003,86003,86003,86003,0.01
338,2024.11.20 09:00:00,299721429,BTCUSD,buy,86004,86004,86004,86004,86004,86004,86004,86004,0.01
339,2024.11.20 11:00:00,299800780,BTCUSD,buy,86007,86007,86007,86007,86007,86007,86007,86007,0.01
340,2024.11.20 11:00:00,299800855,BTCUSD,buy,86012,86012,86012,86012,86012,86012,86012,86012,0.01
341,2024.11.20 12:00:00,299834231,BTCUSD,buy,86003,86003,86003,86003,86003,86003,86003,86003,0.01
342,2024.11.20 12:00:00,299834310,US30,buy,505035,505035,505035,505035,505035,505035,505035,505035,0.01
343,2024.11.20 13:00:00,299862060,BTCUSD,buy,86008,86008,86008,86008,86008,86008,86008,86008,0.01
344,2024.11.20 14:00:00,299890710,BTCUSD,buy,86009,86009,86009,86009,86009,86009,86009,86009,0.01
345,2024.11.20 14:00:00,299890743,BTCUSD,buy,86010,86010,86010,86010,86010,86010,86010,86010,0.01
346,2024.11.20 15:00:00,299924541,BTCUSD,buy,86004,86004,86004,86004,86004,86004,86004,86004,0.01
347,2024.11.20 16:00:00,299972223,US30,buy,505018,505018,505018,505018,505018,505018,505018,505018,0.01
348,2024.11.20 19:00:00,300124822,BTCUSD,buy,86003,86003,86003,86003,86003,86003,86003,86003,0.01
349,2024.11.20 19:00:00,300124842,BTCUSD,buy,86006,86006,86006,86006,86006,86006,86006,86006,0.01
350,2024.11.20 19:00:00,300124832,BTCUSD,buy,86005,86005,86005,86005,86005,86005,86005,86005,0.01
351,2024.11.20 20:00:00,300151418,US30,sell,505035,505035,505035,505035,505035,505035,505035,505035,0.01
352,2024.11.20 20:00:00,300151436,BTCUSD,buy,86005,86005,86005,86005,86005,86005,86005,86005,0.01
353,2024.11.20 20:00:00,300151446,US30,sell,505057,505057,505057,505057,505057,505057,505057,505057,0.01
354,2024.11.20 20:00:00,300151459,BTCUSD,buy,86011,86011,86011,86011,86011,86011,86011,86011,0.01
355,2024.11.20 21:00:00,300167923,BTCUSD,buy,86000,86000,86000,86000,86000,86000,86000,86000,0.01
356,2024.11.20 21:00:00,300167979,BTCUSD,buy,86001,86001,86001,86001,86001,86001,86001,86001,0.01
357,2024.11.20 21:00:00,300168005,BTCUSD,buy,86007,86007,86007,86007,86007,86007,86007,86007,0.01
358,2024.11.20 22:00:00,300178079,DAX40,buy,69039,69039,69039,69039,69039,69039,69039,69039,0.01
359,2024.11.20 23:00:01,300187153,DAX40,buy,69005,69005,69005,69005,69005,69005,69005,69005,0.01
360,2024.11.21 03:00:00,300214596,BTCUSD,buy,86002,86002,86002,86002,86002,86002,86002,86002,0.01
361,2024.11.21 04:00:00,300231108,BTCUSD,buy,86004,86004,86004,86004,86004,86004,86004,86004,0.01
362,2024.11.21 04:00:00,300231169,BTCUSD,buy,86005,86005,86005,86005,86005,86005,86005,86005,0.01
363,2024.11.21 04:00:00,300231187,BTCUSD,buy,86006,86006,86006,86006,86006,86006,86006,86006,0.01
364,2024.11.21 04:00:00,300231192,US30,sell,505057,505057,505057,505057,505057,505057,505057,505057,0.01
365,2024.11.21 06:00:00,300259504,BTCUSD,buy,86012,86012,86012,86012,86012,86012,86012,86012,0.01
366,2024.11.21 09:00:00,300317148,BTCUSD,buy,86003,86003,86003,86003,86003,86003,86003,86003,0.01
367,2024.11.21 09:00:00,300317149,DAX40,buy,69005,69005,69005,69005,69005,69005,69005,69005,0.01
368,2024.11.21 09:00:00,300317194,BTCUSD,buy,86005,86005,86005,86005,86005,86005,86005,86005,0.01
369,2024.11.21 09:00:00,300317215,BTCUSD,buy,86006,86006,86006,86006,86006,86006,86006,86006,0.01
370,2024.11.21 09:00:00,300317223,BTCUSD,buy,86008,86008,86008,86008,86008,86008,86008,86008,0.01
371,2024.11.21 10:00:00,300348326,BTCUSD,buy,86004,86004,86004,86004,86004,86004,86004,86004,0.01
372,2024.11.21 10:00:00,300348376,BTCUSD,buy,86005,86005,86005,86005,86005,86005,86005,86005,0.01
373,2024.11.21 10:00:01,300348410,BTCUSD,buy,86006,86006,86006,86006,86006,86006,86006,86006,0.01
374,2024.11.21 11:00:00,300390209,BTCUSD,buy,86000,86000,86000,86000,86000,86000,86000,86000,0.01
375,2024.11.21 11:00:00,300390296,BTCUSD,buy,86001,86001,86001,86001,86001,86001,86001,86001,0.01
376,2024.11.21 11:00:01,300390359,BTCUSD,buy,86007,86007,86007,86007,86007,86007,86007,86007,0.01
377,2024.11.21 11:00:01,300390374,BTCUSD,buy,86009,86009,86009,86009,86009,86009,86009,86009,0.01
378,2024.11.21 11:00:01,300390382,BTCUSD,buy,86010,86010,86010,86010,86010,86010,86010,86010,0.01
379,2024.11.21 11:00:01,300390389,BTCUSD,buy,86011,86011,86011,86011,86011,86011,86011,86011,0.01
380,2024.11.21 12:00:00,300431493,BTCUSD,buy,86012,86012,86012,86012,86012,86012,86012,86012,0.01
381,2024.11.21 12:00:00,300431539,SP500,sell,69010,69010,69010,69010,69010,69010,69010,69010,0.01
382,2024.11.21 12:00:00,300431541,US30,sell,505011,505011,505011,505011,505011,505011,505011,505011,0.01
383,2024.11.21 12:00:00,300431574,US30,sell,505026,505026,505026,505026,505026,505026,505026,505026,0.01
384,2024.11.21 13:00:00,300456045,BTCUSD,buy,86004,86004,86004,86004,86004,86004,86004,86004,0.01
385,2024.11.21 14:00:00,300488900,BTCUSD,buy,86005,86005,86005,86005,86005,86005,86005,86005,0.01
386,2024.11.21 14:00:00,300488925,BTCUSD,buy,86006,86006,86006,86006,86006,86006,86006,86006,0.01
387,2024.11.21 15:00:00,300528431,BTCUSD,buy,86005,86005,86005,86005,86005,86005,86005,86005,0.01
388,2024.11.21 15:00:00,300528482,BTCUSD,buy,86006,86006,86006,86006,86006,86006,86006,86006,0.01
389,2024.11.21 16:00:00,300576399,US30,buy,505057,505057,505057,505057,505057,505057,505057,505057,0.01
390,2024.11.21 16:00:00,300576400,US30,sell,73002,73002,73002,73002,73002,73002,73002,73002,0.01
391,2024.11.21 16:00:00,300576437,BTCUSD,buy,86011,86011,86011,86011,86011,86011,86011,86011,0.01
392,2024.11.21 17:00:00,300642038,BTCUSD,buy,86003,86003,86003,86003,86003,86003,86003,86003,0.01
393,2024.11.21 17:00:00,300642090,BTCUSD,buy,86005,86005,86005,86005,86005,86005,86005,86005,0.01
394,2024.11.21 17:00:00,300642104,BTCUSD,buy,86006,86006,86006,86006,86006,86006,86006,86006,0.01
395,2024.11.21 19:00:00,300738549,BTCUSD,buy,86007,86007,86007,86007,86007,86007,86007,86007,0.01
396,2024.11.21 20:00:00,300763867,US30,buy,505035,505035,505035,505035,505035,505035,505035,505035,0.01
397,2024.11.21 20:00:00,300763930,US30,buy,505064,505064,505064,505064,505064,505064,505064,505064,0.01
398,2024.11.21 20:00:01,300763990,SP500,buy,69038,69038,69038,69038,69038,69038,69038,69038,0.01
399,2024.11.21 22:00:00,300795724,BTCUSD,buy,86005,86005,86005,86005,86005,86005,86005,86005,0.01
400,2024.11.21 22:00:00,300795773,BTCUSD,buy,86006,86006,86006,86006,86006,86006,86006,86006,0.01
401,2024.11.21 23:00:00,300803846,BTCUSD,buy,86005,86005,86005,86005,86005,86005,86005,86005,0.01
402,2024.11.21 23:00:01,300803896,BTCUSD,buy,86006,86006,86006,86006,86006,86006,86006,86006,0.01
403,2024.11.22 02:00:00,300818056,BTCUSD,buy,86005,86005,86005,86005,86005,86005,86005,86005,0.01
404,2024.11.22 02:00:00,300818095,BTCUSD,buy,86006,86006,86006,86006,86006,86006,86006,86006,0.01
405,2024.11.22 03:00:00,300829329,BTCUSD,buy,86005,86005,86005,86005,86005,86005,86005,86005,0.01
406,2024.11.22 03:00:00,300829354,BTCUSD,buy,86006,86006,86006,86006,86006,86006,86006,86006,0.01
407,2024.11.22 04:00:09,300845476,DAX40,sell,69040,69040,69040,69040,69040,69040,69040,69040,0.01
408,2024.11.22 04:00:17,300845526,BTCUSD,buy,86005,86005,86005,86005,86005,86005,86005,86005,0.01
409,2024.11.22 04:01:01,300845662,BTCUSD,buy,86006,86006,86006,86006,86006,86006,86006,86006,0.01
410,2024.11.22 05:00:00,300863124,BTCUSD,buy,86012,86012,86012,86012,86012,86012,86012,86012,0.01
411,2024.11.22 06:00:00,300883704,BTCUSD,buy,86005,86005,86005,86005,86005,86005,86005,86005,0.01
412,2024.11.22 06:00:00,300883765,BTCUSD,buy,86006,86006,86006,86006,86006,86006,86006,86006,0.01
413,2024.11.22 07:00:00,300899155,BTCUSD,buy,86004,86004,86004,86004,86004,86004,86004,86004,0.01
414,2024.11.22 07:00:00,300899213,BTCUSD,buy,86005,86005,86005,86005,86005,86005,86005,86005,0.01
415,2024.11.22 07:00:01,300899222,BTCUSD,buy,86006,86006,86006,86006,86006,86006,86006,86006,0.01
416,2024.11.22 08:00:00,300917145,BTCUSD,buy,86007,86007,86007,86007,86007,86007,86007,86007,0.01
417,2024.11.22 08:00:00,300917164,BTCUSD,buy,86009,86009,86009,86009,86009,86009,86009,86009,0.01
418,2024.11.22 15:00:00,301153269,BTCUSD,buy,86003,86003,86003,86003,86003,86003,86003,86003,0.01
419,2024.11.22 16:00:00,301198619,EURUSD,sell,89009,89009,89009,89009,89009,89009,89009,89009,0.05
420,2024.11.22 16:00:00,301198666,BTCUSD,buy,86005,86005,86005,86005,86005,86005,86005,86005,0.01
421,2024.11.22 16:00:00,301198683,US30,buy,505003,505003,505003,505003,505003,505003,505003,505003,0.01
422,2024.11.22 16:00:00,301198684,US30,buy,73013,73013,73013,73013,73013,73013,73013,73013,0.01
423,2024.11.22 16:00:00,301198704,BTCUSD,buy,86006,86006,86006,86006,86006,86006,86006,86006,0.01
424,2024.11.22 17:00:00,301252566,BTCUSD,buy,86006,86006,86006,86006,86006,86006,86006,86006,0.01
425,2024.11.22 20:00:00,301343636,BTCUSD,buy,86003,86003,86003,86003,86003,86003,86003,86003,0.01
426,2024.11.22 20:00:00,301343640,US30,buy,73007,73007,73007,73007,73007,73007,73007,73007,0.01
427,2024.11.22 20:00:00,301343693,BTCUSD,buy,86005,86005,86005,86005,86005,86005,86005,86005,0.01
428,2024.11.22 20:00:00,301343694,US30,buy,73008,73008,73008,73008,73008,73008,73008,73008,0.01
429,2024.11.22 20:00:00,301343709,BTCUSD,buy,86006,86006,86006,86006,86006,86006,86006,86006,0.01
430,2024.11.22 20:00:00,301343710,US30,buy,73025,73025,73025,73025,73025,73025,73025,73025,0.01
431,2024.11.23 02:00:00,301377694,BTCUSD,buy,86004,86004,86004,86004,86004,86004,86004,86004,0.01
432,2024.11.23 02:00:00,301377697,BTCUSD,buy,86008,86008,86008,86008,86008,86008,86008,86008,0.01
433,2024.11.23 16:00:00,301401512,BTCUSD,buy,86005,86005,86005,86005,86005,86005,86005,86005,0.01
434,2024.11.23 19:00:00,301414245,BTCUSD,buy,86006,86006,86006,86006,86006,86006,86006,86006,0.01
435,2024.11.23 20:00:00,301418323,BTCUSD,buy,86012,86012,86012,86012,86012,86012,86012,86012,0.01
436,2024.11.25 02:00:00,301523682,BTCUSD,buy,86005,86005,86005,86005,86005,86005,86005,86005,0.01
437,2024.11.25 02:00:00,301523775,BTCUSD,buy,86006,86006,86006,86006,86006,86006,86006,86006,0.01
438,2024.11.25 04:00:04,301564913,SP500,buy,69007,69007,69007,69007,69007,69007,69007,69007,0.01
439,2024.11.25 05:00:00,301582576,BTCUSD,buy,86000,86000,86000,86000,86000,86000,86000,86000,0.01
440,2024.11.25 05:00:00,301582620,BTCUSD,buy,86001,86001,86001,86001,86001,86001,86001,86001,0.01
441,2024.11.25 05:00:00,301582639,BTCUSD,buy,86007,86007,86007,86007,86007,86007,86007,86007,0.01
442,2024.11.25 05:00:01,301582649,EURUSD,sell,89002,89002,89002,89002,89002,89002,89002,89002,0.05
443,2024.11.25 06:00:00,301611698,EURUSD,buy,89002,89002,89002,89002,89002,89002,89002,89002,0.05
444,2024.11.25 09:00:00,301672470,EURUSD,sell,89001,89001,89001,89001,89001,89001,89001,89001,0.05
445,2024.11.25 10:00:00,301703427,EURUSD,buy,89011,89011,89011,89011,89011,89011,89011,89011,0.05
446,2024.11.25 10:00:00,301703502,EURUSD,buy,89017,89017,89017,89017,89017,89017,89017,89017,0.05
447,2024.11.25 11:00:00,301733374,EURUSD,sell,89015,89015,89015,89015,89015,89015,89015,89015,0.05
448,2024.11.25 12:00:00,301766932,EURUSD,sell,89011,89011,89011,89011,89011,89011,89011,89011,0.05
449,2024.11.25 12:00:00,301767006,EURUSD,sell,89017,89017,89017,89017,89017,89017,89017,89017,0.05
450,2024.11.25 14:00:00,301828344,EURUSD,buy,89005,89005,89005,89005,89005,89005,89005,89005,0.05
451,2024.11.25 16:00:00,301922394,BTCUSD,buy,86006,86006,86006,86006,86006,86006,86006,86006,0.01
452,2024.11.25 16:00:00,301922435,EURUSD,sell,89012,89012,89012,89012,89012,89012,89012,89012,0.05
453,2024.11.25 17:00:00,302006859,EURUSD,buy,89007,89007,89007,89007,89007,89007,89007,89007,0.05
454,2024.11.25 17:00:00,302006878,BTCUSD,buy,86005,86005,86005,86005,86005,86005,86005,86005,0.01
455,2024.11.25 17:00:00,302006957,BTCUSD,buy,86006,86006,86006,86006,86006,86006,86006,86006,0.01
456,2024.11.25 17:00:00,302006989,BTCUSD,buy,86011,86011,86011,86011,86011,86011,86011,86011,0.01
457,2024.11.25 18:00:00,302064097,BTCUSD,buy,86012,86012,86012,86012,86012,86012,86012,86012,0.01
458,2024.11.25 18:00:00,302064197,EURUSD,buy,89012,89012,89012,89012,89012,89012,89012,89012,0.05
459,2024.11.25 19:00:00,302096122,BTCUSD,buy,86003,86003,86003,86003,86003,86003,86003,86003,0.01
460,2024.11.25 20:00:00,302119241,BTCUSD,buy,86006,86006,86006,86006,86006,86006,86006,86006,0.01
461,2024.11.25 23:00:00,302160965,BTCUSD,buy,86012,86012,86012,86012,86012,86012,86012,86012,0.01
462,2024.11.26 02:00:00,302193218,BTCUSD,buy,86005,86005,86005,86005,86005,86005,86005,86005,0.01
463,2024.11.26 02:00:00,302193294,BTCUSD,buy,86006,86006,86006,86006,86006,86006,86006,86006,0.01
464,2024.11.26 02:00:00,302193329,EURUSD,buy,89015,89015,89015,89015,89015,89015,89015,89015,0.05
465,2024.11.26 02:00:00,302193333,BTCUSD,buy,86008,86008,86008,86008,86008,86008,86008,86008,0.01
466,2024.11.26 03:00:00,302216044,BTCUSD,buy,86009,86009,86009,86009,86009,86009,86009,86009,0.01
467,2024.11.26 03:00:00,302216087,BTCUSD,buy,86010,86010,86010,86010,86010,86010,86010,86010,0.01
468,2024.11.26 04:00:01,302239723,US30,buy,73032,73032,73032,73032,73032,73032,73032,73032,0.01
469,2024.11.26 06:00:00,302268518,EURUSD,buy,89006,89006,89006,89006,89006,89006,89006,89006,0.05
470,2024.11.26 08:00:00,302305168,BTCUSD,buy,86011,86011,86011,86011,86011,86011,86011,86011,0.01
471,2024.11.26 08:00:00,302305220,BTCUSD,buy,86012,86012,86012,86012,86012,86012,86012,86012,0.01
472,2024.11.26 08:00:00,302305223,EURUSD,buy,89010,89010,89010,89010,89010,89010,89010,89010,0.05
473,2024.11.26 08:00:00,302305263,EURUSD,buy,89021,89021,89021,89021,89021,89021,89021,89021,0.05
474,2024.11.26 11:00:00,302401952,EURUSD,sell,89000,89000,89000,89000,89000,89000,89000,89000,0.05
475,2024.11.26 11:00:00,302401986,EURUSD,sell,89017,89017,89017,89017,89017,89017,89017,89017,0.05
476,2024.11.26 11:00:01,302402022,EURUSD,sell,89021,89021,89021,89021,89021,89021,89021,89021,0.05
477,2024.11.26 12:14:41,302452031,EURUSD,sell,89007,89007,89007,89007,89007,89007,89007,89007,0.05
478,2024.11.26 12:14:46,302452082,BTCUSD,buy,86007,86007,86007,86007,86007,86007,86007,86007,0.01
479,2024.11.26 12:14:46,302452084,BTCUSD,buy,86012,86012,86012,86012,86012,86012,86012,86012,0.01
480,2024.11.26 13:00:13,302475172,BTCUSD,buy,86003,86003,86003,86003,86003,86003,86003,86003,0.01
481,2024.11.26 15:00:00,302546899,BTCUSD,buy,86006,86006,86006,86006,86006,86006,86006,86006,0.01
482,2024.11.26 16:00:00,302609265,EURUSD,sell,89006,89006,89006,89006,89006,89006,89006,89006,0.05
483,2024.11.26 16:00:00,302609356,US30,sell,505018,505018,505018,505018,505018,505018,505018,505018,0.01
484,2024.11.26 17:00:00,302672924,EURUSD,sell,89010,89010,89010,89010,89010,89010,89010,89010,0.05
485,2024.11.26 18:00:01,302723158,EURUSD,buy,89007,89007,89007,89007,89007,89007,89007,89007,0.05
486,2024.11.26 18:00:01,302723187,EURUSD,buy,89021,89021,89021,89021,89021,89021,89021,89021,0.05
487,2024.11.26 20:00:00,302771241,BTCUSD,buy,86003,86003,86003,86003,86003,86003,86003,86003,0.01
488,2024.11.26 20:00:00,302771261,US30,buy,505028,505028,505028,505028,505028,505028,505028,505028,0.01
489,2024.11.26 20:00:00,302771306,BTCUSD,buy,86006,86006,86006,86006,86006,86006,86006,86006,0.01
490,2024.11.26 21:00:00,302789081,EURUSD,buy,89005,89005,89005,89005,89005,89005,89005,89005,0.05
491,2024.11.26 21:00:00,302789157,BTCUSD,buy,86009,86009,86009,86009,86009,86009,86009,86009,0.01
492,2024.11.26 22:00:00,302804275,BTCUSD,buy,86000,86000,86000,86000,86000,86000,86000,86000,0.01
493,2024.11.26 23:00:00,302814183,BTCUSD,buy,86005,86005,86005,86005,86005,86005,86005,86005,0.01
494,2024.11.26 23:00:00,302814257,BTCUSD,buy,86006,86006,86006,86006,86006,86006,86006,86006,0.01
495,2024.11.26 23:00:01,302814293,BTCUSD,buy,86011,86011,86011,86011,86011,86011,86011,86011,0.01
496,2024.11.27 02:00:00,302831757,EURUSD,sell,89021,89021,89021,89021,89021,89021,89021,89021,0.05
497,2024.11.27 04:00:00,302863227,EURUSD,buy,89006,89006,89006,89006,89006,89006,89006,89006,0.05
498,2024.11.27 04:00:00,302863304,BTCUSD,buy,86012,86012,86012,86012,86012,86012,86012,86012,0.01
499,2024.11.27 04:00:00,302863305,EURUSD,buy,89018,89018,89018,89018,89018,89018,89018,89018,0.05
500,2024.11.27 05:00:00,302879755,EURUSD,buy,89010,89010,89010,89010,89010,89010,89010,89010,0.05
501,2024.11.27 06:00:01,302892745,EURUSD,buy,89021,89021,89021,89021,89021,89021,89021,89021,0.05
502,2024.11.27 08:00:00,302921455,EURUSD,sell,89010,89010,89010,89010,89010,89010,89010,89010,0.05
503,2024.11.27 10:00:00,302972638,EURUSD,sell,89007,89007,89007,89007,89007,89007,89007,89007,0.05
504,2024.11.27 11:00:00,303016692,BTCUSD,buy,86004,86004,86004,86004,86004,86004,86004,86004,0.01
505,2024.11.27 11:00:00,303016768,BTCUSD,buy,86008,86008,86008,86008,86008,86008,86008,86008,0.01
506,2024.11.27 12:00:00,303044604,BTCUSD,buy,86009,86009,86009,86009,86009,86009,86009,86009,0.01
507,2024.11.27 13:00:00,303067826,BTCUSD,buy,86012,86012,86012,86012,86012,86012,86012,86012,0.01
508,2024.11.27 14:00:01,303100871,EURUSD,sell,89006,89006,89006,89006,89006,89006,89006,89006,0.05
509,2024.11.27 16:00:00,303183337,BTCUSD,buy,86012,86012,86012,86012,86012,86012,86012,86012,0.01
510,2024.11.27 16:00:01,303183404,US30,buy,73032,73032,73032,73032,73032,73032,73032,73032,0.01
511,2024.11.27 18:00:00,303304303,EURUSD,sell,89001,89001,89001,89001,89001,89001,89001,89001,0.05
512,2024.11.27 19:00:00,303341458,BTCUSD,buy,86003,86003,86003,86003,86003,86003,86003,86003,0.01
513,2024.11.27 19:00:00,303341538,BTCUSD,buy,86005,86005,86005,86005,86005,86005,86005,86005,0.01
514,2024.11.27 19:00:01,303341553,BTCUSD,buy,86006,86006,86006,86006,86006,86006,86006,86006,0.01
515,2024.11.27 20:00:00,303363090,BTCUSD,buy,86008,86008,86008,86008,86008,86008,86008,86008,0.01
516,2024.11.27 21:00:00,303375200,BTCUSD,buy,86005,86005,86005,86005,86005,86005,86005,86005,0.01
517,2024.11.27 22:00:00,303385978,BTCUSD,buy,86007,86007,86007,86007,86007,86007,86007,86007,0.01
518,2024.11.27 23:00:00,303394545,BTCUSD,buy,86005,86005,86005,86005,86005,86005,86005,86005,0.01
519,2024.11.28 02:00:00,303409687,BTCUSD,buy,86011,86011,86011,86011,86011,86011,86011,86011,0.01
520,2024.11.28 07:00:00,303488490,BTCUSD,buy,86000,86000,86000,86000,86000,86000,86000,86000,0.01
521,2024.11.28 07:00:00,303488532,BTCUSD,buy,86001,86001,86001,86001,86001,86001,86001,86001,0.01
522,2024.11.28 13:00:00,303643091,EURUSD,buy,89009,89009,89009,89009,89009,89009,89009,89009,0.05
523,2024.11.28 17:00:00,303763863,BTCUSD,buy,86003,86003,86003,86003,86003,86003,86003,86003,0.01
524,2024.11.28 23:00:00,303842025,EURUSD,sell,89021,89021,89021,89021,89021,89021,89021,89021,0.05
525,2024.11.29 02:00:00,303855999,BTCUSD,buy,86004,86004,86004,86004,86004,86004,86004,86004,0.01
526,2024.11.29 05:00:00,303921565,EURUSD,sell,89011,89011,89011,89011,89011,89011,89011,89011,0.05
527,2024.11.29 05:00:00,303921615,EURUSD,sell,89017,89017,89017,89017,89017,89017,89017,89017,0.05
528,2024.11.29 07:00:01,303949555,EURUSD,buy,89018,89018,89018,89018,89018,89018,89018,89018,0.05
529,2024.11.29 09:00:00,303985009,EURUSD,sell,89018,89018,89018,89018,89018,89018,89018,89018,0.05
530,2024.11.29 12:00:00,304085144,EURUSD,buy,89009,89009,89009,89009,89009,89009,89009,89009,0.05
531,2024.11.29 15:00:00,304163146,BTCUSD,buy,86003,86003,86003,86003,86003,86003,86003,86003,0.01
532,2024.11.29 15:00:01,304163227,BTCUSD,buy,86005,86005,86005,86005,86005,86005,86005,86005,0.01
533,2024.11.29 17:00:00,304250468,EURUSD,buy,89002,89002,89002,89002,89002,89002,89002,89002,0.05
534,2024.11.29 17:00:00,304250545,EURUSD,buy,89015,89015,89015,89015,89015,89015,89015,89015,0.05
535,2024.11.29 17:00:00,304250553,BTCUSD,buy,86012,86012,86012,86012,86012,86012,86012,86012,0.01
536,2024.11.29 18:00:00,304292216,BTCUSD,buy,86005,86005,86005,86005,86005,86005,86005,86005,0.01
537,2024.11.29 18:00:00,304292306,EURUSD,sell,89002,89002,89002,89002,89002,89002,89002,89002,0.05
538,2024.11.29 18:00:00,304292313,BTCUSD,buy,86006,86006,86006,86006,86006,86006,86006,86006,0.01
539,2024.11.29 18:00:01,304292415,EURUSD,sell,89015,89015,89015,89015,89015,89015,89015,89015,0.05
540,2024.11.29 19:00:00,304318060,BTCUSD,buy,86005,86005,86005,86005,86005,86005,86005,86005,0.01
541,2024.11.29 19:00:00,304318066,EURUSD,buy,89002,89002,89002,89002,89002,89002,89002,89002,0.05
542,2024.11.29 19:00:01,304318099,BTCUSD,buy,86006,86006,86006,86006,86006,86006,86006,86006,0.01
543,2024.11.29 19:00:01,304318101,EURUSD,buy,89015,89015,89015,89015,89015,89015,89015,89015,0.05
544,2024.11.29 20:00:00,304335457,US30,buy,505026,505026,505026,505026,505026,505026,505026,505026,0.01
545,2024.11.29 20:00:00,304335469,BTCUSD,buy,86009,86009,86009,86009,86009,86009,86009,86009,0.01
546,2024.11.29 20:00:00,304335536,EURUSD,sell,89002,89002,89002,89002,89002,89002,89002,89002,0.05
547,2024.11.29 20:00:01,304335582,EURUSD,sell,89011,89011,89011,89011,89011,89011,89011,89011,0.05
548,2024.11.29 20:00:02,304335623,EURUSD,sell,89015,89015,89015,89015,89015,89015,89015,89015,0.05
549,2024.11.30 04:00:00,304364295,BTCUSD,buy,86007,86007,86007,86007,86007,86007,86007,86007,0.01
550,2024.11.30 07:00:00,304369398,BTCUSD,buy,86010,86010,86010,86010,86010,86010,86010,86010,0.01
551,2024.11.30 09:00:00,304374826,BTCUSD,buy,86003,86003,86003,86003,86003,86003,86003,86003,0.01
552,2024.11.30 13:00:00,304383459,BTCUSD,buy,86002,86002,86002,86002,86002,86002,86002,86002,0.01
553,2024.12.02 02:00:00,304478235,BTCUSD,buy,86000,86000,86000,86000,86000,86000,86000,86000,0.01
554,2024.12.02 02:00:00,304478331,BTCUSD,buy,86001,86001,86001,86001,86001,86001,86001,86001,0.01
555,2024.12.02 02:00:01,304478346,BTCUSD,buy,86005,86005,86005,86005,86005,86005,86005,86005,0.01
556,2024.12.02 02:00:01,304478373,BTCUSD,buy,86006,86006,86006,86006,86006,86006,86006,86006,0.01
557,2024.12.02 06:00:00,304580260,BTCUSD,buy,86006,86006,86006,86006,86006,86006,86006,86006,0.01
558,2024.12.02 07:00:00,304596873,BTCUSD,buy,86007,86007,86007,86007,86007,86007,86007,86007,0.01
559,2024.12.02 09:00:00,304643926,EURUSD,sell,89007,89007,89007,89007,89007,89007,89007,89007,0.05
560,2024.12.02 10:00:00,304684324,EURUSD,buy,89006,89006,89006,89006,89006,89006,89006,89006,0.05
561,2024.12.02 11:00:00,304726152,EURUSD,buy,89010,89010,89010,89010,89010,89010,89010,89010,0.05
562,2024.12.02 11:00:00,304726194,BTCUSD,buy,86005,86005,86005,86005,86005,86005,86005,86005,0.01
563,2024.12.02 11:00:00,304726307,BTCUSD,buy,86006,86006,86006,86006,86006,86006,86006,86006,0.01
564,2024.12.02 12:00:00,304758941,BTCUSD,buy,86008,86008,86008,86008,86008,86008,86008,86008,0.01
565,2024.12.02 12:00:00,304759002,BTCUSD,buy,86012,86012,86012,86012,86012,86012,86012,86012,0.01
566,2024.12.02 13:00:00,304787015,BTCUSD,buy,86003,86003,86003,86003,86003,86003,86003,86003,0.01
567,2024.12.02 14:00:00,304821784,EURUSD,sell,89009,89009,89009,89009,89009,89009,89009,89009,0.05
568,2024.12.02 19:00:00,305059101,BTCUSD,buy,86003,86003,86003,86003,86003,86003,86003,86003,0.01
569,2024.12.02 20:00:00,305080722,BTCUSD,buy,86006,86006,86006,86006,86006,86006,86006,86006,0.01
570,2024.12.02 20:00:00,305080744,US30,buy,505028,505028,505028,505028,505028,505028,505028,505028,0.01
571,2024.12.02 21:00:00,305098056,BTCUSD,buy,86007,86007,86007,86007,86007,86007,86007,86007,0.01
572,2024.12.02 21:00:00,305098116,BTCUSD,buy,86008,86008,86008,86008,86008,86008,86008,86008,0.01
573,2024.12.03 05:00:00,305187908,BTCUSD,buy,86011,86011,86011,86011,86011,86011,86011,86011,0.01
574,2024.12.03 09:00:00,305258798,BTCUSD,buy,86000,86000,86000,86000,86000,86000,86000,86000,0.01
575,2024.12.03 11:00:00,305339765,EURUSD,sell,89008,89008,89008,89008,89008,89008,89008,89008,0.05
576,2024.12.03 11:00:00,305339854,EURUSD,sell,89015,89015,89015,89015,89015,89015,89015,89015,0.05
577,2024.12.03 11:00:01,305339888,EURUSD,sell,89021,89021,89021,89021,89021,89021,89021,89021,0.05
578,2024.12.03 12:00:00,305370947,US30,sell,505049,505049,505049,505049,505049,505049,505049,505049,0.01
579,2024.12.03 12:00:01,305371003,US30,buy,505064,505064,505064,505064,505064,505064,505064,505064,0.01
580,2024.12.03 13:00:00,305396996,BTCUSD,buy,86006,86006,86006,86006,86006,86006,86006,86006,0.01
581,2024.12.03 14:00:00,305422655,EURUSD,sell,89002,89002,89002,89002,89002,89002,89002,89002,0.05
582,2024.12.03 15:00:00,305462696,EURUSD,buy,89002,89002,89002,89002,89002,89002,89002,89002,0.05
583,2024.12.03 16:00:00,305518619,EURUSD,sell,89004,89004,89004,89004,89004,89004,89004,89004,0.05
584,2024.12.03 16:00:00,305518649,BTCUSD,buy,86009,86009,86009,86009,86009,86009,86009,86009,0.01
585,2024.12.03 16:00:00,305518761,EURUSD,sell,89011,89011,89011,89011,89011,89011,89011,89011,0.05
586,2024.12.03 16:00:00,305518764,BTCUSD,buy,86010,86010,86010,86010,86010,86010,86010,86010,0.01
587,2024.12.03 17:00:00,305582214,BTCUSD,buy,86012,86012,86012,86012,86012,86012,86012,86012,0.01
588,2024.12.03 19:00:00,305689569,BTCUSD,buy,86003,86003,86003,86003,86003,86003,86003,86003,0.01
589,2024.12.03 20:00:00,305714097,BTCUSD,buy,86008,86008,86008,86008,86008,86008,86008,86008,0.01
590,2024.12.03 22:00:00,305741538,BTCUSD,buy,86009,86009,86009,86009,86009,86009,86009,86009,0.01
591,2024.12.03 22:00:00,305741633,EURUSD,buy,89004,89004,89004,89004,89004,89004,89004,89004,0.05
592,2024.12.03 22:00:01,305741670,EURUSD,buy,89008,89008,89008,89008,89008,89008,89008,89008,0.05
593,2024.12.03 22:00:02,305741686,EURUSD,buy,89011,89011,89011,89011,89011,89011,89011,89011,0.05
594,2024.12.03 22:00:02,305741699,EURUSD,buy,89015,89015,89015,89015,89015,89015,89015,89015,0.05
595,2024.12.04 02:00:00,305761273,BTCUSD,buy,86008,86008,86008,86008,86008,86008,86008,86008,0.01
596,2024.12.04 02:00:00,305761316,EURUSD,sell,89015,89015,89015,89015,89015,89015,89015,89015,0.05
597,2024.12.04 02:00:01,305761351,EURUSD,sell,89021,89021,89021,89021,89021,89021,89021,89021,0.05
598,2024.12.04 03:00:00,305774394,EURUSD,buy,89015,89015,89015,89015,89015,89015,89015,89015,0.05
599,2024.12.04 03:00:01,305774423,EURUSD,buy,89021,89021,89021,89021,89021,89021,89021,89021,0.05
600,2024.12.04 04:00:00,305794013,EURUSD,sell,89015,89015,89015,89015,89015,89015,89015,89015,0.05
601,2024.12.04 04:00:01,305794029,EURUSD,sell,89018,89018,89018,89018,89018,89018,89018,89018,0.05
602,2024.12.04 04:00:06,305794120,US30,sell,73032,73032,73032,73032,73032,73032,73032,73032,0.01
603,2024.12.04 05:00:01,305814838,EURUSD,buy,89018,89018,89018,89018,89018,89018,89018,89018,0.05
604,2024.12.04 07:00:01,305848337,EURUSD,sell,89002,89002,89002,89002,89002,89002,89002,89002,0.05
605,2024.12.04 09:00:00,305890534,EURUSD,sell,89005,89005,89005,89005,89005,89005,89005,89005,0.05
606,2024.12.04 09:00:00,305890542,BTCUSD,buy,86007,86007,86007,86007,86007,86007,86007,86007,0.01
607,2024.12.04 10:00:00,305926387,EURUSD,buy,89008,89008,89008,89008,89008,89008,89008,89008,0.05
608,2024.12.04 11:00:00,305972678,BTCUSD,buy,86010,86010,86010,86010,86010,86010,86010,86010,0.01
609,2024.12.04 11:00:01,305972762,EURUSD,buy,89015,89015,89015,89015,89015,89015,89015,89015,0.05
610,2024.12.04 12:00:00,306009445,EURUSD,sell,89008,89008,89008,89008,89008,89008,89008,89008,0.05
611,2024.12.04 14:00:00,306065090,EURUSD,sell,89009,89009,89009,89009,89009,89009,89009,89009,0.05
612,2024.12.04 15:00:00,306097837,EURUSD,buy,89002,89002,89002,89002,89002,89002,89002,89002,0.05
613,2024.12.04 15:00:01,306097876,EURUSD,buy,89018,89018,89018,89018,89018,89018,89018,89018,0.05
614,2024.12.04 16:00:00,306155269,BTCUSD,buy,86006,86006,86006,86006,86006,86006,86006,86006,0.01
615,2024.12.04 17:00:00,306208842,EURUSD,sell,89018,89018,89018,89018,89018,89018,89018,89018,0.05
616,2024.12.05 09:00:00,306499078,BTCUSD,buy,86005,86005,86005,86005,86005,86005,86005,86005,0.01
617,2024.12.05 09:00:00,306499162,BTCUSD,buy,86006,86006,86006,86006,86006,86006,86006,86006,0.01
618,2024.12.05 09:00:01,306499178,BTCUSD,buy,86011,86011,86011,86011,86011,86011,86011,86011,0.01
619,2024.12.05 10:00:01,306530828,BTCUSD,buy,86007,86007,86007,86007,86007,86007,86007,86007,0.01
620,2024.12.05 10:00:01,306530850,BTCUSD,buy,86012,86012,86012,86012,86012,86012,86012,86012,0.01
621,2024.12.05 12:00:00,306603734,BTCUSD,buy,86003,86003,86003,86003,86003,86003,86003,86003,0.01
622,2024.12.05 12:00:00,306603808,BTCUSD,buy,86005,86005,86005,86005,86005,86005,86005,86005,0.01
623,2024.12.05 13:00:00,306629088,EURUSD,buy,89009,89009,89009,89009,89009,89009,89009,89009,0.05
624,2024.12.05 13:00:00,306629157,BTCUSD,buy,86005,86005,86005,86005,86005,86005,86005,86005,0.01
625,2024.12.05 15:00:00,306682975,BTCUSD,buy,86005,86005,86005,86005,86005,86005,86005,86005,0.01
626,2024.12.05 16:00:00,306737415,BTCUSD,buy,86005,86005,86005,86005,86005,86005,86005,86005,0.01
627,2024.12.05 17:00:00,306793824,BTCUSD,buy,86009,86009,86009,86009,86009,86009,86009,86009,0.01
628,2024.12.05 18:00:00,306856741,BTCUSD,buy,86003,86003,86003,86003,86003,86003,86003,86003,0.01
629,2024.12.05 18:00:00,306856837,BTCUSD,buy,86005,86005,86005,86005,86005,86005,86005,86005,0.01
630,2024.12.05 19:00:00,306888483,BTCUSD,buy,86005,86005,86005,86005,86005,86005,86005,86005,0.01
631,2024.12.05 19:00:01,306888499,BTCUSD,buy,86006,86006,86006,86006,86006,86006,86006,86006,0.01
632,2024.12.05 20:00:01,306916884,BTCUSD,buy,86012,86012,86012,86012,86012,86012,86012,86012,0.01
633,2024.12.05 21:00:00,306934017,BTCUSD,buy,86005,86005,86005,86005,86005,86005,86005,86005,0.01
634,2024.12.05 21:00:00,306934097,BTCUSD,buy,86006,86006,86006,86006,86006,86006,86006,86006,0.01
635,2024.12.05 22:00:00,306948809,BTCUSD,buy,86006,86006,86006,86006,86006,86006,86006,86006,0.01
636,2024.12.05 23:00:00,306959477,BTCUSD,buy,86012,86012,86012,86012,86012,86012,86012,86012,0.01
637,2024.12.06 02:00:00,306980664,BTCUSD,buy,86008,86008,86008,86008,86008,86008,86008,86008,0.01
638,2024.12.06 03:00:00,306993064,BTCUSD,buy,86009,86009,86009,86009,86009,86009,86009,86009,0.01
639,2024.12.06 03:00:00,306993142,BTCUSD,buy,86010,86010,86010,86010,86010,86010,86010,86010,0.01
640,2024.12.06 04:00:00,307019787,US30,buy,73030,73030,73030,73030,73030,73030,73030,73030,0.01
641,2024.12.06 05:00:00,307034123,BTCUSD,buy,86005,86005,86005,86005,86005,86005,86005,86005,0.01
642,2024.12.06 05:00:00,307034194,BTCUSD,buy,86006,86006,86006,86006,86006,86006,86006,86006,0.01
643,2024.12.06 08:00:00,307084259,US30,buy,505026,505026,505026,505026,505026,505026,505026,505026,0.01
644,2024.12.06 08:00:00,307084263,US30,buy,73041,73041,73041,73041,73041,73041,73041,73041,0.01
645,2024.12.06 10:00:00,307122947,BTCUSD,buy,86009,86009,86009,86009,86009,86009,86009,86009,0.01
646,2024.12.06 12:00:00,307181602,EURUSD,buy,89009,89009,89009,89009,89009,89009,89009,89009,0.05
647,2024.12.06 12:00:00,307181608,US30,sell,73014,73014,73014,73014,73014,73014,73014,73014,0.01
648,2024.12.06 12:00:01,307181714,US30,buy,73043,73043,73043,73043,73043,73043,73043,73043,0.01
649,2024.12.06 16:00:00,307315331,BTCUSD,buy,86012,86012,86012,86012,86012,86012,86012,86012,0.01
650,2024.12.06 19:00:00,307443696,BTCUSD,buy,86003,86003,86003,86003,86003,86003,86003,86003,0.01
651,2024.12.06 20:00:00,307461291,EURUSD,buy,89002,89002,89002,89002,89002,89002,89002,89002,0.05
652,2024.12.06 20:00:00,307461327,EURUSD,buy,89015,89015,89015,89015,89015,89015,89015,89015,0.05
653,2024.12.06 21:00:00,307472928,BTCUSD,buy,86012,86012,86012,86012,86012,86012,86012,86012,0.01
654,2024.12.07 02:00:00,307493808,BTCUSD,buy,86005,86005,86005,86005,86005,86005,86005,86005,0.01
655,2024.12.07 02:00:00,307493814,BTCUSD,buy,86006,86006,86006,86006,86006,86006,86006,86006,0.01
656,2024.12.07 02:00:01,307493815,BTCUSD,buy,86009,86009,86009,86009,86009,86009,86009,86009,0.01
657,2024.12.07 02:00:01,307493816,BTCUSD,buy,86010,86010,86010,86010,86010,86010,86010,86010,0.01
658,2024.12.07 02:00:01,307493817,BTCUSD,buy,86012,86012,86012,86012,86012,86012,86012,86012,0.01
659,2024.12.07 08:00:00,307504657,BTCUSD,buy,86003,86003,86003,86003,86003,86003,86003,86003,0.01
660,2024.12.07 19:00:00,307527594,BTCUSD,buy,86008,86008,86008,86008,86008,86008,86008,86008,0.01
661,2024.12.07 20:00:00,307528981,BTCUSD,buy,86010,86010,86010,86010,86010,86010,86010,86010,0.01
662,2024.12.07 21:00:01,307531155,BTCUSD,buy,86012,86012,86012,86012,86012,86012,86012,86012,0.01
663,2024.12.09 03:00:00,307623260,BTCUSD,buy,86006,86006,86006,86006,86006,86006,86006,86006,0.01
664,2024.12.09 04:00:00,307645151,BTCUSD,buy,86004,86004,86004,86004,86004,86004,86004,86004,0.01
665,2024.12.09 04:00:00,307645222,EURUSD,buy,89001,89001,89001,89001,89001,89001,89001,89001,0.05
666,2024.12.09 06:00:00,307677647,EURUSD,buy,89014,89014,89014,89014,89014,89014,89014,89014,0.05
667,2024.12.09 06:00:00,307677669,BTCUSD,buy,86012,86012,86012,86012,86012,86012,86012,86012,0.01
668,2024.12.09 07:00:00,307695738,EURUSD,buy,89019,89019,89019,89019,89019,89019,89019,89019,0.05
669,2024.12.09 08:00:19,307709773,US30,buy,505011,505011,505011,505011,505011,505011,505011,505011,0.01
670,2024.12.09 08:00:19,307709774,US30,sell,73004,73004,73004,73004,73004,73004,73004,73004,0.01
671,2024.12.09 08:00:19,307709781,US30,sell,73009,73009,73009,73009,73009,73009,73009,73009,0.01
672,2024.12.09 09:00:00,307729563,EURUSD,sell,89013,89013,89013,89013,89013,89013,89013,89013,0.05
673,2024.12.09 09:00:01,307729682,EURUSD,sell,89019,89019,89019,89019,89019,89019,89019,89019,0.05
674,2024.12.09 12:00:00,307841759,US30,sell,505011,505011,505011,505011,505011,505011,505011,505011,0.01
675,2024.12.09 12:00:01,307841775,US30,sell,505065,505065,505065,505065,505065,505065,505065,505065,0.01
676,2024.12.09 13:00:00,307872378,EURUSD,buy,89010,89010,89010,89010,89010,89010,89010,89010,0.05
677,2024.12.09 13:00:00,307872398,BTCUSD,buy,86011,86011,86011,86011,86011,86011,86011,86011,0.01
678,2024.12.09 14:00:00,307902377,BTCUSD,buy,86003,86003,86003,86003,86003,86003,86003,86003,0.01
679,2024.12.09 14:00:00,307902481,BTCUSD,buy,86006,86006,86006,86006,86006,86006,86006,86006,0.01
680,2024.12.09 14:00:00,307902495,EURUSD,buy,89011,89011,89011,89011,89011,89011,89011,89011,0.05
681,2024.12.09 16:00:01,307982480,EURUSD,sell,89002,89002,89002,89002,89002,89002,89002,89002,0.05
682,2024.12.09 16:00:02,307982541,EURUSD,sell,89015,89015,89015,89015,89015,89015,89015,89015,0.05
683,2024.12.09 17:00:00,308043040,EURUSD,sell,89001,89001,89001,89001,89001,89001,89001,89001,0.05
684,2024.12.09 18:00:00,308096203,BTCUSD,buy,86000,86000,86000,86000,86000,86000,86000,86000,0.01
685,2024.12.09 18:00:00,308096268,BTCUSD,buy,86001,86001,86001,86001,86001,86001,86001,86001,0.01
686,2024.12.09 18:00:01,308096284,BTCUSD,buy,86003,86003,86003,86003,86003,86003,86003,86003,0.01
687,2024.12.09 18:00:01,308096299,BTCUSD,buy,86005,86005,86005,86005,86005,86005,86005,86005,0.01
688,2024.12.09 18:00:01,308096310,BTCUSD,buy,86006,86006,86006,86006,86006,86006,86006,86006,0.01
689,2024.12.09 19:00:00,308125469,EURUSD,buy,89011,89011,89011,89011,89011,89011,89011,89011,0.05
690,2024.12.09 19:00:00,308125509,EURUSD,buy,89017,89017,89017,89017,89017,89017,89017,89017,0.05
691,2024.12.09 20:00:00,308142602,BTCUSD,buy,86007,86007,86007,86007,86007,86007,86007,86007,0.01
692,2024.12.09 20:00:01,308142617,EURUSD,buy,89015,89015,89015,89015,89015,89015,89015,89015,0.05
693,2024.12.09 20:00:01,308142635,EURUSD,sell,89021,89021,89021,89021,89021,89021,89021,89021,0.05
694,2024.12.09 22:00:00,308173936,EURUSD,buy,89021,89021,89021,89021,89021,89021,89021,89021,0.05
695,2024.12.09 23:00:00,308185620,BTCUSD,buy,86006,86006,86006,86006,86006,86006,86006,86006,0.01
696,2024.12.10 02:00:00,308210055,BTCUSD,buy,86009,86009,86009,86009,86009,86009,86009,86009,0.01
697,2024.12.10 02:00:00,308210109,BTCUSD,buy,86010,86010,86010,86010,86010,86010,86010,86010,0.01
698,2024.12.10 04:00:00,308242998,BTCUSD,buy,86008,86008,86008,86008,86008,86008,86008,86008,0.01
699,2024.12.10 04:00:01,308243126,US30,sell,505007,505007,505007,505007,505007,505007,505007,505007,0.01
700,2024.12.10 04:00:01,308243127,US30,buy,73015,73015,73015,73015,73015,73015,73015,73015,0.01
701,2024.12.10 05:00:00,308261380,BTCUSD,buy,86005,86005,86005,86005,86005,86005,86005,86005,0.01
702,2024.12.10 05:00:00,308261432,BTCUSD,buy,86006,86006,86006,86006,86006,86006,86006,86006,0.01
703,2024.12.10 05:00:00,308261451,EURUSD,buy,89001,89001,89001,89001,89001,89001,89001,89001,0.05
704,2024.12.10 05:00:01,308261457,BTCUSD,buy,86010,86010,86010,86010,86010,86010,86010,86010,0.01
705,2024.12.10 06:00:00,308283337,BTCUSD,buy,86007,86007,86007,86007,86007,86007,86007,86007,0.01
706,2024.12.10 07:00:00,308299005,BTCUSD,buy,86012,86012,86012,86012,86012,86012,86012,86012,0.01
707,2024.12.10 09:00:00,308337141,EURUSD,buy,89006,89006,89006,89006,89006,89006,89006,89006,0.05
708,2024.12.10 09:00:00,308337231,BTCUSD,buy,86010,86010,86010,86010,86010,86010,86010,86010,0.01
709,2024.12.10 09:00:01,308337249,EURUSD,sell,89015,89015,89015,89015,89015,89015,89015,89015,0.05
710,2024.12.10 09:00:01,308337278,EURUSD,sell,89021,89021,89021,89021,89021,89021,89021,89021,0.05
711,2024.12.10 10:00:00,308368295,EURUSD,buy,89002,89002,89002,89002,89002,89002,89002,89002,0.05
712,2024.12.10 10:00:01,308368334,EURUSD,buy,89015,89015,89015,89015,89015,89015,89015,89015,0.05
713,2024.12.10 10:00:02,308368399,EURUSD,buy,89021,89021,89021,89021,89021,89021,89021,89021,0.05
714,2024.12.10 12:00:00,308441262,EURUSD,sell,89006,89006,89006,89006,89006,89006,89006,89006,0.05
715,2024.12.10 12:00:00,308441269,US30,buy,505035,505035,505035,505035,505035,505035,505035,505035,0.01
716,2024.12.10 14:00:00,308500975,EURUSD,buy,89006,89006,89006,89006,89006,89006,89006,89006,0.05
717,2024.12.10 15:00:00,308535815,BTCUSD,buy,86003,86003,86003,86003,86003,86003,86003,86003,0.01
718,2024.12.10 18:00:00,308691528,BTCUSD,buy,86000,86000,86000,86000,86000,86000,86000,86000,0.01
719,2024.12.10 18:00:00,308691620,BTCUSD,buy,86001,86001,86001,86001,86001,86001,86001,86001,0.01
720,2024.12.10 18:00:01,308691648,BTCUSD,buy,86003,86003,86003,86003,86003,86003,86003,86003,0.01
721,2024.12.10 19:00:00,308726466,BTCUSD,buy,86012,86012,86012,86012,86012,86012,86012,86012,0.01
722,2024.12.10 20:00:00,308749805,US30,sell,505027,505027,505027,505027,505027,505027,505027,505027,0.01
723,2024.12.10 20:00:00,308749813,BTCUSD,buy,86003,86003,86003,86003,86003,86003,86003,86003,0.01
724,2024.12.10 20:00:01,308749844,BTCUSD,buy,86005,86005,86005,86005,86005,86005,86005,86005,0.01
725,2024.12.10 20:00:01,308749855,BTCUSD,buy,86006,86006,86006,86006,86006,86006,86006,86006,0.01
726,2024.12.10 22:00:00,308776904,BTCUSD,buy,86012,86012,86012,86012,86012,86012,86012,86012,0.01
727,2024.12.11 02:00:00,308799757,BTCUSD,buy,86005,86005,86005,86005,86005,86005,86005,86005,0.01
728,2024.12.11 02:00:00,308799829,BTCUSD,buy,86006,86006,86006,86006,86006,86006,86006,86006,0.01
729,2024.12.11 02:00:01,308799851,BTCUSD,buy,86009,86009,86009,86009,86009,86009,86009,86009,0.01
730,2024.12.11 03:00:00,308814875,BTCUSD,buy,86011,86011,86011,86011,86011,86011,86011,86011,0.01
731,2024.12.11 05:00:00,308847586,EURUSD,sell,89021,89021,89021,89021,89021,89021,89021,89021,0.05
732,2024.12.11 08:00:00,308905235,BTCUSD,buy,86009,86009,86009,86009,86009,86009,86009,86009,0.01
733,2024.12.11 09:00:00,308921713,BTCUSD,buy,86007,86007,86007,86007,86007,86007,86007,86007,0.01
734,2024.12.11 11:00:00,308989527,BTCUSD,buy,86002,86002,86002,86002,86002,86002,86002,86002,0.01
735,2024.12.11 14:00:00,309072951,EURUSD,sell,89009,89009,89009,89009,89009,89009,89009,89009,0.05
736,2024.12.11 18:00:00,309260613,EURUSD,buy,89001,89001,89001,89001,89001,89001,89001,89001,0.05
737,2024.12.11 19:00:00,309293747,BTCUSD,buy,86003,86003,86003,86003,86003,86003,86003,86003,0.01
738,2024.12.11 19:00:00,309293805,BTCUSD,buy,86005,86005,86005,86005,86005,86005,86005,86005,0.01
739,2024.12.11 19:00:01,309293835,BTCUSD,buy,86006,86006,86006,86006,86006,86006,86006,86006,0.01
740,2024.12.11 20:00:00,309318123,BTCUSD,buy,86005,86005,86005,86005,86005,86005,86005,86005,0.01
741,2024.12.11 20:00:01,309318165,BTCUSD,buy,86006,86006,86006,86006,86006,86006,86006,86006,0.01
742,2024.12.11 22:00:00,309348702,BTCUSD,buy,86012,86012,86012,86012,86012,86012,86012,86012,0.01
743,2024.12.11 23:00:00,309355747,BTCUSD,buy,86005,86005,86005,86005,86005,86005,86005,86005,0.01
744,2024.12.11 23:00:00,309355805,BTCUSD,buy,86006,86006,86006,86006,86006,86006,86006,86006,0.01
745,2024.12.12 02:00:00,309369598,BTCUSD,buy,86004,86004,86004,86004,86004,86004,86004,86004,0.01
746,2024.12.12 02:00:01,309369709,BTCUSD,buy,86005,86005,86005,86005,86005,86005,86005,86005,0.01
747,2024.12.12 02:00:01,309369729,BTCUSD,buy,86006,86006,86006,86006,86006,86006,86006,86006,0.01
748,2024.12.12 03:00:00,309384726,BTCUSD,buy,86005,86005,86005,86005,86005,86005,86005,86005,0.01
749,2024.12.12 04:00:00,309407553,BTCUSD,buy,86005,86005,86005,86005,86005,86005,86005,86005,0.01
750,2024.12.12 06:00:00,309435780,BTCUSD,buy,86005,86005,86005,86005,86005,86005,86005,86005,0.01
751,2024.12.12 06:00:00,309435846,BTCUSD,buy,86006,86006,86006,86006,86006,86006,86006,86006,0.01
752,2024.12.12 07:00:00,309447776,EURUSD,sell,89018,89018,89018,89018,89018,89018,89018,89018,0.05
753,2024.12.12 07:00:00,309447835,BTCUSD,buy,86005,86005,86005,86005,86005,86005,86005,86005,0.01
754,2024.12.12 08:00:00,309461183,BTCUSD,buy,86005,86005,86005,86005,86005,86005,86005,86005,0.01
755,2024.12.12 08:00:00,309461194,EURUSD,buy,89018,89018,89018,89018,89018,89018,89018,89018,0.05
756,2024.12.12 08:00:01,309461221,EURUSD,buy,89021,89021,89021,89021,89021,89021,89021,89021,0.05
757,2024.12.12 09:00:00,309482178,BTCUSD,buy,86000,86000,86000,86000,86000,86000,86000,86000,0.01
758,2024.12.12 09:00:00,309482179,EURUSD,sell,89015,89015,89015,89015,89015,89015,89015,89015,0.05
759,2024.12.12 09:00:01,309482329,EURUSD,sell,89018,89018,89018,89018,89018,89018,89018,89018,0.05
760,2024.12.12 09:00:01,309482396,EURUSD,sell,89021,89021,89021,89021,89021,89021,89021,89021,0.05
761,2024.12.12 16:00:00,309712796,BTCUSD,buy,86005,86005,86005,86005,86005,86005,86005,86005,0.01
762,2024.12.12 17:00:00,309785027,EURUSD,sell,89008,89008,89008,89008,89008,89008,89008,89008,0.05
763,2024.12.12 17:00:00,309785116,EURUSD,sell,89011,89011,89011,89011,89011,89011,89011,89011,0.05
764,2024.12.12 18:00:00,309844254,EURUSD,buy,89008,89008,89008,89008,89008,89008,89008,89008,0.05
765,2024.12.12 18:00:01,309844320,EURUSD,buy,89011,89011,89011,89011,89011,89011,89011,89011,0.05
766,2024.12.12 18:00:02,309844373,EURUSD,buy,89015,89015,89015,89015,89015,89015,89015,89015,0.05
767,2024.12.12 19:00:00,309871754,BTCUSD,buy,86003,86003,86003,86003,86003,86003,86003,86003,0.01
768,2024.12.12 19:00:00,309871854,EURUSD,sell,89008,89008,89008,89008,89008,89008,89008,89008,0.05
769,2024.12.12 19:00:00,309871856,BTCUSD,buy,86005,86005,86005,86005,86005,86005,86005,86005,0.01
770,2024.12.12 19:00:01,309871888,EURUSD,sell,89011,89011,89011,89011,89011,89011,89011,89011,0.05
771,2024.12.12 19:00:01,309871889,BTCUSD,buy,86006,86006,86006,86006,86006,86006,86006,86006,0.01
772,2024.12.12 19:00:02,309871915,EURUSD,sell,89015,89015,89015,89015,89015,89015,89015,89015,0.05
773,2024.12.12 20:00:00,309890794,EURUSD,buy,89015,89015,89015,89015,89015,89015,89015,89015,0.05
774,2024.12.12 22:00:00,309916183,BTCUSD,buy,86001,86001,86001,86001,86001,86001,86001,86001,0.01
775,2024.12.12 22:00:00,309916242,BTCUSD,buy,86005,86005,86005,86005,86005,86005,86005,86005,0.01
776,2024.12.12 22:00:01,309916256,BTCUSD,buy,86006,86006,86006,86006,86006,86006,86006,86006,0.01
777,2024.12.12 22:00:01,309916268,BTCUSD,buy,86007,86007,86007,86007,86007,86007,86007,86007,0.01
778,2024.12.13 08:00:00,310011048,BTCUSD,buy,86003,86003,86003,86003,86003,86003,86003,86003,0.01
779,2024.12.13 12:00:00,310136790,US30,buy,73026,73026,73026,73026,73026,73026,73026,73026,0.01
780,2024.12.13 13:00:00,310161596,BTCUSD,buy,86009,86009,86009,86009,86009,86009,86009,86009,0.01
781,2024.12.13 15:00:00,310214774,EURUSD,sell,89003,89003,89003,89003,89003,89003,89003,89003,0.05
782,2024.12.13 15:00:00,310214866,EURUSD,sell,89004,89004,89004,89004,89004,89004,89004,89004,0.05
783,2024.12.13 17:00:00,310303724,EURUSD,buy,89004,89004,89004,89004,89004,89004,89004,89004,0.05
784,2024.12.13 19:00:00,310373963,EURUSD,sell,89015,89015,89015,89015,89015,89015,89015,89015,0.05
785,2024.12.13 20:00:00,310388494,BTCUSD,buy,86010,86010,86010,86010,86010,86010,86010,86010,0.01
786,2024.12.13 20:00:00,310388535,EURUSD,buy,89011,89011,89011,89011,89011,89011,89011,89011,0.05
787,2024.12.13 21:00:00,310400300,BTCUSD,buy,86006,86006,86006,86006,86006,86006,86006,86006,0.01
788,2024.12.14 04:00:00,310424177,BTCUSD,buy,86002,86002,86002,86002,86002,86002,86002,86002,0.01
789,2024.12.14 05:00:00,310426242,BTCUSD,buy,86008,86008,86008,86008,86008,86008,86008,86008,0.01
790,2024.12.14 06:00:00,310427447,BTCUSD,buy,86004,86004,86004,86004,86004,86004,86004,86004,0.01
791,2024.12.14 20:00:00,310455453,BTCUSD,buy,86003,86003,86003,86003,86003,86003,86003,86003,0.01
792,2024.12.16 02:00:00,310524948,EURUSD,sell,89000,89000,89000,89000,89000,89000,89000,89000,0.05
793,2024.12.16 02:00:01,310525073,EURUSD,sell,89004,89004,89004,89004,89004,89004,89004,89004,0.05
794,2024.12.16 03:00:00,310541548,BTCUSD,buy,86005,86005,86005,86005,86005,86005,86005,86005,0.01
795,2024.12.16 03:00:00,310541692,BTCUSD,buy,86006,86006,86006,86006,86006,86006,86006,86006,0.01
796,2024.12.16 04:00:01,310557192,BTCUSD,buy,86008,86008,86008,86008,86008,86008,86008,86008,0.01
797,2024.12.16 05:00:00,310569935,BTCUSD,buy,86005,86005,86005,86005,86005,86005,86005,86005,0.01
798,2024.12.16 05:00:00,310570022,BTCUSD,buy,86006,86006,86006,86006,86006,86006,86006,86006,0.01
799,2024.12.16 05:00:01,310570032,BTCUSD,buy,86009,86009,86009,86009,86009,86009,86009,86009,0.01
800,2024.12.16 05:00:01,310570044,BTCUSD,buy,86010,86010,86010,86010,86010,86010,86010,86010,0.01
801,2024.12.16 06:00:00,310581531,BTCUSD,buy,86005,86005,86005,86005,86005,86005,86005,86005,0.01
802,2024.12.16 06:00:01,310581564,BTCUSD,buy,86006,86006,86006,86006,86006,86006,86006,86006,0.01
803,2024.12.16 07:00:01,310590483,BTCUSD,buy,86007,86007,86007,86007,86007,86007,86007,86007,0.01
804,2024.12.16 07:00:01,310590492,BTCUSD,buy,86012,86012,86012,86012,86012,86012,86012,86012,0.01
805,2024.12.16 08:00:00,310603801,US30,sell,73032,73032,73032,73032,73032,73032,73032,73032,0.01
806,2024.12.16 08:00:00,310603876,EURUSD,sell,89001,89001,89001,89001,89001,89001,89001,89001,0.05
807,2024.12.16 10:00:00,310640238,BTCUSD,buy,86005,86005,86005,86005,86005,86005,86005,86005,0.01
808,2024.12.16 11:00:00,310676996,BTCUSD,buy,86005,86005,86005,86005,86005,86005,86005,86005,0.01
809,2024.12.16 12:00:00,310704319,BTCUSD,buy,86005,86005,86005,86005,86005,86005,86005,86005,0.01
810,2024.12.16 12:00:01,310704336,EURUSD,buy,89004,89004,89004,89004,89004,89004,89004,89004,0.05
811,2024.12.16 13:00:01,310727579,EURUSD,buy,89005,89005,89005,89005,89005,89005,89005,89005,0.05
812,2024.12.16 13:00:01,310727630,EURUSD,buy,89015,89015,89015,89015,89015,89015,89015,89015,0.05
813,2024.12.16 14:00:00,310753675,BTCUSD,buy,86003,86003,86003,86003,86003,86003,86003,86003,0.01
814,2024.12.16 15:00:00,310784592,BTCUSD,buy,86006,86006,86006,86006,86006,86006,86006,86006,0.01
815,2024.12.16 16:00:00,310819211,EURUSD,sell,89015,89015,89015,89015,89015,89015,89015,89015,0.05
816,2024.12.16 17:00:00,310871506,EURUSD,buy,89000,89000,89000,89000,89000,89000,89000,89000,0.05
817,2024.12.16 17:00:01,310871542,BTCUSD,buy,86009,86009,86009,86009,86009,86009,86009,86009,0.01
818,2024.12.16 17:00:01,310871577,EURUSD,buy,89015,89015,89015,89015,89015,89015,89015,89015,0.05
819,2024.12.16 18:00:00,310924685,EURUSD,sell,89000,89000,89000,89000,89000,89000,89000,89000,0.05
820,2024.12.16 18:00:01,310924734,EURUSD,sell,89015,89015,89015,89015,89015,89015,89015,89015,0.05
821,2024.12.16 21:00:00,310989548,BTCUSD,buy,86005,86005,86005,86005,86005,86005,86005,86005,0.01
822,2024.12.16 21:00:00,310989626,BTCUSD,buy,86006,86006,86006,86006,86006,86006,86006,86006,0.01
823,2024.12.16 22:00:00,311001066,BTCUSD,buy,86000,86000,86000,86000,86000,86000,86000,86000,0.01
824,2024.12.16 22:00:00,311001141,BTCUSD,buy,86001,86001,86001,86001,86001,86001,86001,86001,0.01
825,2024.12.16 23:00:00,311007332,BTCUSD,buy,86005,86005,86005,86005,86005,86005,86005,86005,0.01
826,2024.12.16 23:00:00,311007423,BTCUSD,buy,86006,86006,86006,86006,86006,86006,86006,86006,0.01
827,2024.12.16 23:00:01,311007447,BTCUSD,buy,86007,86007,86007,86007,86007,86007,86007,86007,0.01
828,2024.12.17 03:00:00,311031509,BTCUSD,buy,86005,86005,86005,86005,86005,86005,86005,86005,0.01
829,2024.12.17 03:00:00,311031581,BTCUSD,buy,86006,86006,86006,86006,86006,86006,86006,86006,0.01
830,2024.12.17 05:00:00,311058120,BTCUSD,buy,86004,86004,86004,86004,86004,86004,86004,86004,0.01
831,2024.12.17 05:00:00,311058184,BTCUSD,buy,86005,86005,86005,86005,86005,86005,86005,86005,0.01
832,2024.12.17 07:00:00,311084148,BTCUSD,buy,86005,86005,86005,86005,86005,86005,86005,86005,0.01
833,2024.12.17 09:00:00,311125312,BTCUSD,buy,86003,86003,86003,86003,86003,86003,86003,86003,0.01
834,2024.12.17 10:00:00,311160230,BTCUSD,buy,86011,86011,86011,86011,86011,86011,86011,86011,0.01
835,2024.12.17 10:00:00,311160234,EURUSD,buy,89002,89002,89002,89002,89002,89002,89002,89002,0.05
836,2024.12.17 18:00:00,311462188,BTCUSD,buy,86003,86003,86003,86003,86003,86003,86003,86003,0.01
837,2024.12.17 18:00:00,311462288,EURUSD,buy,89015,89015,89015,89015,89015,89015,89015,89015,0.05
838,2024.12.17 18:00:00,311462289,BTCUSD,buy,86005,86005,86005,86005,86005,86005,86005,86005,0.01
839,2024.12.17 18:00:01,311462321,BTCUSD,buy,86006,86006,86006,86006,86006,86006,86006,86006,0.01
840,2024.12.17 19:00:00,311487371,BTCUSD,buy,86008,86008,86008,86008,86008,86008,86008,86008,0.01
841,2024.12.17 19:00:00,311487372,EURUSD,sell,89002,89002,89002,89002,89002,89002,89002,89002,0.05
842,2024.12.17 19:00:01,311487410,EURUSD,sell,89015,89015,89015,89015,89015,89015,89015,89015,0.05
843,2024.12.17 20:00:00,311510467,EURUSD,buy,89002,89002,89002,89002,89002,89002,89002,89002,0.05
844,2024.12.17 20:00:01,311510492,BTCUSD,buy,86009,86009,86009,86009,86009,86009,86009,86009,0.01
845,2024.12.17 20:00:01,311510498,BTCUSD,buy,86010,86010,86010,86010,86010,86010,86010,86010,0.01
846,2024.12.17 23:00:00,311542062,BTCUSD,buy,86012,86012,86012,86012,86012,86012,86012,86012,0.01
847,2024.12.18 02:00:00,311555867,BTCUSD,buy,86008,86008,86008,86008,86008,86008,86008,86008,0.01
848,2024.12.18 03:00:00,311566912,BTCUSD,buy,86009,86009,86009,86009,86009,86009,86009,86009,0.01
849,2024.12.18 04:00:00,311580064,BTCUSD,buy,86005,86005,86005,86005,86005,86005,86005,86005,0.01
850,2024.12.18 04:00:00,311580141,US30,sell,73032,73032,73032,73032,73032,73032,73032,73032,0.01
851,2024.12.18 06:00:00,311602316,BTCUSD,buy,86006,86006,86006,86006,86006,86006,86006,86006,0.01
852,2024.12.18 06:00:00,311602393,BTCUSD,buy,86010,86010,86010,86010,86010,86010,86010,86010,0.01
853,2024.12.18 07:00:01,311618131,EURUSD,sell,89004,89004,89004,89004,89004,89004,89004,89004,0.05
854,2024.12.18 08:00:00,311633249,BTCUSD,buy,86005,86005,86005,86005,86005,86005,86005,86005,0.01
855,2024.12.18 08:00:00,311633358,BTCUSD,buy,86012,86012,86012,86012,86012,86012,86012,86012,0.01
856,2024.12.18 08:00:00,311633362,EURUSD,buy,89004,89004,89004,89004,89004,89004,89004,89004,0.05
857,2024.12.18 09:00:00,311652190,EURUSD,sell,89004,89004,89004,89004,89004,89004,89004,89004,0.05
858,2024.12.18 09:00:01,311652593,EURUSD,sell,89005,89005,89005,89005,89005,89005,89005,89005,0.05
859,2024.12.18 11:00:00,311712360,BTCUSD,buy,86003,86003,86003,86003,86003,86003,86003,86003,0.01
860,2024.12.18 11:00:00,311712480,BTCUSD,buy,86006,86006,86006,86006,86006,86006,86006,86006,0.01
861,2024.12.18 12:00:01,311734515,US30,sell,73028,73028,73028,73028,73028,73028,73028,73028,0.01
862,2024.12.18 17:00:00,311894271,BTCUSD,buy,86011,86011,86011,86011,86011,86011,86011,86011,0.01
863,2024.12.18 18:00:00,311935375,BTCUSD,buy,86012,86012,86012,86012,86012,86012,86012,86012,0.01
864,2024.12.18 19:00:00,311963588,BTCUSD,buy,86007,86007,86007,86007,86007,86007,86007,86007,0.01
865,2024.12.20 10:00:00,312753247,BTCUSD,buy,86012,86012,86012,86012,86012,86012,86012,86012,0.01
866,2024.12.20 11:00:00,312781933,EURUSD,sell,89021,89021,89021,89021,89021,89021,89021,89021,0.05
867,2024.12.20 11:00:00,312781950,BTCUSD,buy,86000,86000,86000,86000,86000,86000,86000,86000,0.01
868,2024.12.20 11:00:00,312782019,BTCUSD,buy,86001,86001,86001,86001,86001,86001,86001,86001,0.01
869,2024.12.20 11:00:01,312782038,BTCUSD,buy,86003,86003,86003,86003,86003,86003,86003,86003,0.01
870,2024.12.20 11:00:01,312782048,BTCUSD,buy,86005,86005,86005,86005,86005,86005,86005,86005,0.01
871,2024.12.20 11:00:02,312782064,BTCUSD,buy,86006,86006,86006,86006,86006,86006,86006,86006,0.01
872,2024.12.20 13:00:00,312826224,BTCUSD,buy,86006,86006,86006,86006,86006,86006,86006,86006,0.01
873,2024.12.20 13:00:00,312826296,BTCUSD,buy,86012,86012,86012,86012,86012,86012,86012,86012,0.01
874,2024.12.20 14:00:00,312853299,BTCUSD,buy,86005,86005,86005,86005,86005,86005,86005,86005,0.01
875,2024.12.20 14:00:00,312853378,BTCUSD,buy,86006,86006,86006,86006,86006,86006,86006,86006,0.01
876,2024.12.20 17:00:00,312965885,EURUSD,buy,89011,89011,89011,89011,89011,89011,89011,89011,0.05
877,2024.12.20 17:00:00,312966136,EURUSD,buy,89017,89017,89017,89017,89017,89017,89017,89017,0.05
878,2024.12.20 19:00:00,313042142,EURUSD,sell,89004,89004,89004,89004,89004,89004,89004,89004,0.05
879,2024.12.20 19:00:00,313042143,BTCUSD,buy,86003,86003,86003,86003,86003,86003,86003,86003,0.01
880,2024.12.20 19:00:00,313042218,BTCUSD,buy,86005,86005,86005,86005,86005,86005,86005,86005,0.01
881,2024.12.20 19:00:01,313042242,BTCUSD,buy,86006,86006,86006,86006,86006,86006,86006,86006,0.01
882,2024.12.20 20:00:00,313059528,BTCUSD,buy,86008,86008,86008,86008,86008,86008,86008,86008,0.01
883,2024.12.21 02:00:00,313093317,BTCUSD,buy,86004,86004,86004,86004,86004,86004,86004,86004,0.01
884,2024.12.21 02:00:00,313093323,BTCUSD,buy,86011,86011,86011,86011,86011,86011,86011,86011,0.01
885,2024.12.21 04:00:00,313096131,BTCUSD,buy,86006,86006,86006,86006,86006,86006,86006,86006,0.01
886,2024.12.21 05:00:00,313097215,BTCUSD,buy,86007,86007,86007,86007,86007,86007,86007,86007,0.01
887,2024.12.21 07:00:01,313099046,BTCUSD,buy,86009,86009,86009,86009,86009,86009,86009,86009,0.01
888,2024.12.21 07:00:01,313099047,BTCUSD,buy,86010,86010,86010,86010,86010,86010,86010,86010,0.01
889,2024.12.21 07:00:02,313099049,BTCUSD,buy,86011,86011,86011,86011,86011,86011,86011,86011,0.01
890,2024.12.21 09:00:00,313104241,BTCUSD,buy,86004,86004,86004,86004,86004,86004,86004,86004,0.01
891,2024.12.21 11:00:00,313109986,BTCUSD,buy,86003,86003,86003,86003,86003,86003,86003,86003,0.01
892,2024.12.21 11:00:00,313109990,BTCUSD,buy,86005,86005,86005,86005,86005,86005,86005,86005,0.01
893,2024.12.21 14:00:00,313118458,BTCUSD,buy,86012,86012,86012,86012,86012,86012,86012,86012,0.01
894,2024.12.21 15:00:00,313123738,BTCUSD,buy,86003,86003,86003,86003,86003,86003,86003,86003,0.01
895,2024.12.21 15:00:00,313123743,BTCUSD,buy,86006,86006,86006,86006,86006,86006,86006,86006,0.01
896,2024.12.21 16:00:00,313129998,BTCUSD,buy,86012,86012,86012,86012,86012,86012,86012,86012,0.01
897,2024.12.21 17:00:00,313134241,BTCUSD,buy,86005,86005,86005,86005,86005,86005,86005,86005,0.01
898,2024.12.23 01:00:00,313217284,CADJPY,sell,117003,117003,117003,117003,117003,117003,117003,117003,0.02
899,2024.12.23 02:00:00,313224441,BTCUSD,buy,86005,86005,86005,86005,86005,86005,86005,86005,0.01
900,2024.12.23 02:00:00,313224529,BTCUSD,buy,86006,86006,86006,86006,86006,86006,86006,86006,0.01
901,2024.12.23 04:00:00,313247410,BTCUSD,buy,86011,86011,86011,86011,86011,86011,86011,86011,0.01
902,2024.12.23 05:00:00,313258629,BTCUSD,buy,86012,86012,86012,86012,86012,86012,86012,86012,0.01
903,2024.12.23 06:00:00,313269276,AUDJPY,sell,115004,115004,115004,115004,115004,115004,115004,115004,0.02
904,2024.12.23 07:00:00,313278067,BTCUSD,buy,86006,86006,86006,86006,86006,86006,86006,86006,0.01
905,2024.12.23 07:00:00,313278075,AUDJPY,buy,115030,115030,115030,115030,115030,115030,115030,115030,0.02
906,2024.12.23 10:00:00,313323058,BTCUSD,buy,86008,86008,86008,86008,86008,86008,86008,86008,0.01
907,2024.12.23 10:00:00,313323127,BTCUSD,buy,86011,86011,86011,86011,86011,86011,86011,86011,0.01
908,2024.12.23 13:00:00,313397039,BTCUSD,buy,86004,86004,86004,86004,86004,86004,86004,86004,0.01
909,2024.12.23 14:00:00,313428690,BTCUSD,buy,86003,86003,86003,86003,86003,86003,86003,86003,0.01
910,2024.12.23 16:00:00,313482343,CADJPY,buy,117010,117010,117010,117010,117010,117010,117010,117010,0.02
911,2024.12.23 16:00:00,313482363,BTCUSD,buy,86003,86003,86003,86003,86003,86003,86003,86003,0.01
912,2024.12.23 16:00:00,313482427,BTCUSD,buy,86006,86006,86006,86006,86006,86006,86006,86006,0.01
913,2024.12.23 16:00:01,313482450,BTCUSD,buy,86009,86009,86009,86009,86009,86009,86009,86009,0.01
914,2024.12.23 17:00:00,313515028,BTCUSD,buy,86000,86000,86000,86000,86000,86000,86000,86000,0.01
915,2024.12.23 18:00:00,313547531,BTCUSD,buy,86005,86005,86005,86005,86005,86005,86005,86005,0.01
916,2024.12.23 18:00:00,313547599,BTCUSD,buy,86006,86006,86006,86006,86006,86006,86006,86006,0.01
917,2024.12.23 21:00:00,313597185,BTCUSD,buy,86006,86006,86006,86006,86006,86006,86006,86006,0.01
918,2024.12.23 23:00:00,313608765,BTCUSD,buy,86009,86009,86009,86009,86009,86009,86009,86009,0.01
919,2024.12.24 01:00:00,313615713,AUDJPY,buy,115024,115024,115024,115024,115024,115024,115024,115024,0.02
920,2024.12.24 02:00:00,313621548,BTCUSD,buy,86006,86006,86006,86006,86006,86006,86006,86006,0.01
921,2024.12.24 04:00:00,313637312,BTCUSD,buy,86000,86000,86000,86000,86000,86000,86000,86000,0.01
922,2024.12.24 16:00:00,313809760,BTCUSD,buy,86009,86009,86009,86009,86009,86009,86009,86009,0.01
923,2024.12.24 21:00:00,313896952,BTCUSD,buy,86005,86005,86005,86005,86005,86005,86005,86005,0.01
924,2024.12.24 21:00:00,313896975,BTCUSD,buy,86006,86006,86006,86006,86006,86006,86006,86006,0.01
925,2024.12.24 22:00:00,313902508,BTCUSD,buy,86005,86005,86005,86005,86005,86005,86005,86005,0.01
926,2024.12.24 23:00:00,313906310,BTCUSD,buy,86000,86000,86000,86000,86000,86000,86000,86000,0.01
927,2024.12.24 23:00:01,313906372,BTCUSD,buy,86005,86005,86005,86005,86005,86005,86005,86005,0.01
928,2024.12.25 02:00:00,313910685,BTCUSD,buy,86005,86005,86005,86005,86005,86005,86005,86005,0.01
929,2024.12.25 03:00:00,313912262,BTCUSD,buy,86005,86005,86005,86005,86005,86005,86005,86005,0.01
930,2024.12.25 04:00:00,313913931,BTCUSD,buy,86005,86005,86005,86005,86005,86005,86005,86005,0.01
931,2024.12.25 04:00:17,313913953,CADJPY,buy,117020,117020,117020,117020,117020,117020,117020,117020,0.02
932,2024.12.25 05:00:00,313915809,BTCUSD,buy,86012,86012,86012,86012,86012,86012,86012,86012,0.01
933,2024.12.25 15:00:00,313942088,BTCUSD,buy,86011,86011,86011,86011,86011,86011,86011,86011,0.01
934,2024.12.25 19:00:00,313953333,BTCUSD,buy,86003,86003,86003,86003,86003,86003,86003,86003,0.01
935,2024.12.26 02:00:00,313969897,AUDJPY,buy,115004,115004,115004,115004,115004,115004,115004,115004,0.02
936,2024.12.26 02:00:00,313969898,BTCUSD,buy,86009,86009,86009,86009,86009,86009,86009,86009,0.01
937,2024.12.26 05:00:00,313994104,BTCUSD,buy,86005,86005,86005,86005,86005,86005,86005,86005,0.01
938,2024.12.26 10:00:00,314047643,BTCUSD,buy,86006,86006,86006,86006,86006,86006,86006,86006,0.01
939,2024.12.26 11:00:00,314067603,BTCUSD,buy,86005,86005,86005,86005,86005,86005,86005,86005,0.01
940,2024.12.26 11:00:00,314067655,BTCUSD,buy,86006,86006,86006,86006,86006,86006,86006,86006,0.01
941,2024.12.26 11:00:01,314067680,BTCUSD,buy,86012,86012,86012,86012,86012,86012,86012,86012,0.01
942,2024.12.27 09:00:00,314340784,BTCUSD,buy,86002,86002,86002,86002,86002,86002,86002,86002,0.01
943,2024.12.27 10:00:00,314361937,BTCUSD,buy,86000,86000,86000,86000,86000,86000,86000,86000,0.01
944,2024.12.27 10:00:00,314362016,BTCUSD,buy,86001,86001,86001,86001,86001,86001,86001,86001,0.01
945,2024.12.27 12:00:00,314410404,BTCUSD,buy,86009,86009,86009,86009,86009,86009,86009,86009,0.01
946,2024.12.27 12:00:00,314410476,BTCUSD,buy,86010,86010,86010,86010,86010,86010,86010,86010,0.01
947,2024.12.27 17:00:00,314535239,BTCUSD,buy,86006,86006,86006,86006,86006,86006,86006,86006,0.01
948,2024.12.27 18:00:00,314564536,BTCUSD,buy,86006,86006,86006,86006,86006,86006,86006,86006,0.01
949,2024.12.27 19:00:00,314579741,BTCUSD,buy,86008,86008,86008,86008,86008,86008,86008,86008,0.01
950,2024.12.27 20:00:00,314592115,BTCUSD,buy,86009,86009,86009,86009,86009,86009,86009,86009,0.01
951,2024.12.28 07:00:00,314619051,BTCUSD,buy,86005,86005,86005,86005,86005,86005,86005,86005,0.01
952,2024.12.28 19:00:00,314639944,BTCUSD,buy,86012,86012,86012,86012,86012,86012,86012,86012,0.01
953,2024.12.30 02:00:00,314695853,BTCUSD,buy,86012,86012,86012,86012,86012,86012,86012,86012,0.01
954,2024.12.30 03:00:00,314702868,BTCUSD,buy,86004,86004,86004,86004,86004,86004,86004,86004,0.01
955,2024.12.30 14:00:00,314872302,AUDJPY,buy,115009,115009,115009,115009,115009,115009,115009,115009,0.02
956,2024.12.30 17:00:00,314975043,BTCUSD,buy,86005,86005,86005,86005,86005,86005,86005,86005,0.01
957,2024.12.30 17:00:00,314975112,BTCUSD,buy,86006,86006,86006,86006,86006,86006,86006,86006,0.01
958,2024.12.30 18:00:00,315009869,BTCUSD,buy,86012,86012,86012,86012,86012,86012,86012,86012,0.01
959,2024.12.30 22:00:00,315060957,BTCUSD,buy,86008,86008,86008,86008,86008,86008,86008,86008,0.01
960,2024.12.30 23:00:00,315066380,BTCUSD,buy,86005,86005,86005,86005,86005,86005,86005,86005,0.01
961,2024.12.30 23:00:00,315066472,BTCUSD,buy,86006,86006,86006,86006,86006,86006,86006,86006,0.01
962,2024.12.31 02:00:00,315079296,BTCUSD,buy,86012,86012,86012,86012,86012,86012,86012,86012,0.01
963,2024.12.31 03:00:00,315085488,BTCUSD,buy,86005,86005,86005,86005,86005,86005,86005,86005,0.01
964,2024.12.31 03:00:00,315085580,BTCUSD,buy,86006,86006,86006,86006,86006,86006,86006,86006,0.01
965,2024.12.31 12:00:00,315201984,BTCUSD,buy,86004,86004,86004,86004,86004,86004,86004,86004,0.01
966,2024.12.31 13:00:00,315221304,BTCUSD,buy,86009,86009,86009,86009,86009,86009,86009,86009,0.01
967,2024.12.31 15:00:00,315254668,BTCUSD,buy,86002,86002,86002,86002,86002,86002,86002,86002,0.01
968,2024.12.31 17:00:00,315314535,BTCUSD,buy,86003,86003,86003,86003,86003,86003,86003,86003,0.01
969,2024.12.31 20:00:00,315382194,BTCUSD,buy,86000,86000,86000,86000,86000,86000,86000,86000,0.01
970,2024.12.31 20:00:00,315382264,BTCUSD,buy,86001,86001,86001,86001,86001,86001,86001,86001,0.01
971,2024.12.31 22:00:00,315396585,BTCUSD,buy,86009,86009,86009,86009,86009,86009,86009,86009,0.01
972,2025.01.01 19:00:00,315436403,BTCUSD,buy,86003,86003,86003,86003,86003,86003,86003,86003,0.01
973,2025.01.01 20:00:00,315438534,BTCUSD,buy,86004,86004,86004,86004,86004,86004,86004,86004,0.01
974,2025.01.01 23:00:00,315444826,BTCUSD,buy,86004,86004,86004,86004,86004,86004,86004,86004,0.01
975,2025.01.02 08:00:00,315520931,US30,sell,73032,73032,73032,73032,73032,73032,73032,73032,0.01
976,2025.01.02 12:00:00,315616770,US30,sell,505003,505003,505003,505003,505003,505003,505003,505003,0.01
977,2025.01.02 13:00:00,315652819,BTCUSD,buy,86004,86004,86004,86004,86004,86004,86004,86004,0.01
978,2025.01.02 13:00:00,315652895,BTCUSD,buy,86008,86008,86008,86008,86008,86008,86008,86008,0.01
979,2025.01.02 14:00:00,315672765,BTCUSD,buy,86009,86009,86009,86009,86009,86009,86009,86009,0.01
980,2025.01.03 14:00:00,316108277,BTCUSD,buy,86010,86010,86010,86010,86010,86010,86010,86010,0.01
981,2025.01.03 16:00:00,316161494,US30,sell,73032,73032,73032,73032,73032,73032,73032,73032,0.01
982,2025.01.03 19:00:00,316268801,BTCUSD,buy,86003,86003,86003,86003,86003,86003,86003,86003,0.01
983,2025.01.03 19:00:01,316268921,BTCUSD,buy,86005,86005,86005,86005,86005,86005,86005,86005,0.01
984,2025.01.03 19:00:01,316268932,BTCUSD,buy,86006,86006,86006,86006,86006,86006,86006,86006,0.01
985,2025.01.03 20:00:00,316285469,US30,buy,73003,73003,73003,73003,73003,73003,73003,73003,0.01
986,2025.01.03 20:00:00,316285518,BTCUSD,buy,86005,86005,86005,86005,86005,86005,86005,86005,0.01
987,2025.01.03 20:00:00,316285521,US30,buy,73010,73010,73010,73010,73010,73010,73010,73010,0.01
988,2025.01.03 21:00:01,316295185,BTCUSD,buy,86009,86009,86009,86009,86009,86009,86009,86009,0.01
989,2025.01.03 21:00:01,316295189,BTCUSD,buy,86010,86010,86010,86010,86010,86010,86010,86010,0.01
990,2025.01.06 02:00:00,316401720,BTCUSD,buy,86005,86005,86005,86005,86005,86005,86005,86005,0.01
991,2025.01.06 04:00:00,316430377,US30,buy,73008,73008,73008,73008,73008,73008,73008,73008,0.01
992,2025.01.06 04:00:01,316430470,US30,buy,73013,73013,73013,73013,73013,73013,73013,73013,0.01
993,2025.01.06 08:00:02,316489199,US30,buy,505049,505049,505049,505049,505049,505049,505049,505049,0.01
994,2025.01.06 16:00:00,316776916,US30,sell,505011,505011,505011,505011,505011,505011,505011,505011,0.01
995,2025.01.06 16:00:00,316776919,US30,buy,73004,73004,73004,73004,73004,73004,73004,73004,0.01
996,2025.01.06 16:00:01,316776979,US30,buy,505064,505064,505064,505064,505064,505064,505064,505064,0.01
997,2025.01.06 20:00:00,316919679,US30,buy,505035,505035,505035,505035,505035,505035,505035,505035,0.01
998,2025.01.06 21:00:00,316934186,BTCUSD,buy,86004,86004,86004,86004,86004,86004,86004,86004,0.01
999,2025.01.06 21:00:00,316934305,BTCUSD,buy,86005,86005,86005,86005,86005,86005,86005,86005,0.01
1000,2025.01.06 21:00:01,316934338,BTCUSD,buy,86006,86006,86006,86006,86006,86006,86006,86006,0.01
1001,2025.01.06 22:00:00,316942775,BTCUSD,buy,86005,86005,86005,86005,86005,86005,86005,86005,0.01
1002,2025.01.06 22:00:01,316942808,BTCUSD,buy,86006,86006,86006,86006,86006,86006,86006,86006,0.01
1003,2025.01.06 23:00:01,316949388,BTCUSD,buy,86009,86009,86009,86009,86009,86009,86009,86009,0.01
1004,2025.01.06 23:00:01,316949407,BTCUSD,buy,86010,86010,86010,86010,86010,86010,86010,86010,0.01
1005,2025.01.07 04:00:00,316988348,US30,buy,505011,505011,505011,505011,505011,505011,505011,505011,0.01
1006,2025.01.07 04:00:00,316988349,US30,buy,73014,73014,73014,73014,73014,73014,73014,73014,0.01
1007,2025.01.07 12:00:00,317139759,US30,buy,505028,505028,505028,505028,505028,505028,505028,505028,0.01
1008,2025.01.07 12:00:00,317139786,US30,buy,73025,73025,73025,73025,73025,73025,73025,73025,0.01
1009,2025.01.07 12:00:00,317139845,US30,buy,505035,505035,505035,505035,505035,505035,505035,505035,0.01
1010,2025.01.07 12:00:00,317139846,US30,buy,73042,73042,73042,73042,73042,73042,73042,73042,0.01
1011,2025.01.07 14:00:00,317191366,BTCUSD,buy,86000,86000,86000,86000,86000,86000,86000,86000,0.01
1012,2025.01.07 14:00:00,317191470,BTCUSD,buy,86001,86001,86001,86001,86001,86001,86001,86001,0.01
1013,2025.01.07 17:00:00,317326876,BTCUSD,buy,86005,86005,86005,86005,86005,86005,86005,86005,0.01
1014,2025.01.07 18:00:00,317402053,BTCUSD,buy,86005,86005,86005,86005,86005,86005,86005,86005,0.01
1015,2025.01.07 18:00:00,317402135,BTCUSD,buy,86006,86006,86006,86006,86006,86006,86006,86006,0.01
1016,2025.01.07 18:00:01,317402167,BTCUSD,buy,86012,86012,86012,86012,86012,86012,86012,86012,0.01
1017,2025.01.07 20:00:00,317452998,BTCUSD,buy,86009,86009,86009,86009,86009,86009,86009,86009,0.01
1018,2025.01.07 20:00:00,317453036,US30,sell,505064,505064,505064,505064,505064,505064,505064,505064,0.01
1019,2025.01.07 20:00:00,317453054,US30,buy,73016,73016,73016,73016,73016,73016,73016,73016,0.01
1020,2025.01.07 20:00:00,317453135,US30,sell,73020,73020,73020,73020,73020,73020,73020,73020,0.01
1021,2025.01.07 22:00:00,317476880,BTCUSD,buy,86006,86006,86006,86006,86006,86006,86006,86006,0.01
1022,2025.01.08 04:00:00,317520384,US30,buy,505064,505064,505064,505064,505064,505064,505064,505064,0.01
1023,2025.01.08 08:00:11,317564936,US30,buy,505003,505003,505003,505003,505003,505003,505003,505003,0.01
1024,2025.01.08 08:00:11,317564940,US30,buy,505035,505035,505035,505035,505035,505035,505035,505035,0.01
1025,2025.01.08 09:00:00,317584410,BTCUSD,buy,86003,86003,86003,86003,86003,86003,86003,86003,0.01
1026,2025.01.08 09:00:00,317584532,BTCUSD,buy,86005,86005,86005,86005,86005,86005,86005,86005,0.01
1027,2025.01.08 09:00:01,317584549,BTCUSD,buy,86006,86006,86006,86006,86006,86006,86006,86006,0.01
1028,2025.01.08 14:00:00,317750770,BTCUSD,buy,86003,86003,86003,86003,86003,86003,86003,86003,0.01
1029,2025.01.08 14:00:00,317750886,BTCUSD,buy,86006,86006,86006,86006,86006,86006,86006,86006,0.01
1030,2025.01.08 16:00:00,317834945,US30,sell,505035,505035,505035,505035,505035,505035,505035,505035,0.01
1031,2025.01.08 16:00:00,317834946,US30,buy,73012,73012,73012,73012,73012,73012,73012,73012,0.01
1032,2025.01.08 16:00:00,317835097,US30,buy,73029,73029,73029,73029,73029,73029,73029,73029,0.01
1033,2025.01.08 19:00:00,317961797,BTCUSD,buy,86003,86003,86003,86003,86003,86003,86003,86003,0.01
1034,2025.01.08 20:00:00,317993770,BTCUSD,buy,86007,86007,86007,86007,86007,86007,86007,86007,0.01
1035,2025.01.08 20:00:00,317993888,US30,buy,73022,73022,73022,73022,73022,73022,73022,73022,0.01
1036,2025.01.08 21:00:00,318011257,BTCUSD,buy,86005,86005,86005,86005,86005,86005,86005,86005,0.01
1037,2025.01.08 21:00:00,318011339,BTCUSD,buy,86006,86006,86006,86006,86006,86006,86006,86006,0.01
1038,2025.01.09 04:00:00,318065799,US30,sell,505064,505064,505064,505064,505064,505064,505064,505064,0.01
1039,2025.01.09 05:00:00,318076219,BTCUSD,buy,86000,86000,86000,86000,86000,86000,86000,86000,0.01
1040,2025.01.09 11:00:00,318216463,BTCUSD,buy,86006,86006,86006,86006,86006,86006,86006,86006,0.01
1041,2025.01.09 12:00:04,318243486,US30,buy,505003,505003,505003,505003,505003,505003,505003,505003,0.01
1042,2025.01.09 16:00:00,318365836,BTCUSD,buy,86000,86000,86000,86000,86000,86000,86000,86000,0.01
1043,2025.01.09 16:00:00,318365958,BTCUSD,buy,86001,86001,86001,86001,86001,86001,86001,86001,0.01
1044,2025.01.09 16:00:01,318365985,BTCUSD,buy,86002,86002,86002,86002,86002,86002,86002,86002,0.01
1045,2025.01.09 19:00:00,318460678,BTCUSD,buy,86003,86003,86003,86003,86003,86003,86003,86003,0.01
1046,2025.01.09 19:00:00,318460720,BTCUSD,buy,86005,86005,86005,86005,86005,86005,86005,86005,0.01
1047,2025.01.09 19:00:01,318460731,BTCUSD,buy,86006,86006,86006,86006,86006,86006,86006,86006,0.01
1048,2025.01.09 20:00:00,318479540,BTCUSD,buy,86005,86005,86005,86005,86005,86005,86005,86005,0.01
1049,2025.01.09 20:00:00,318479604,BTCUSD,buy,86006,86006,86006,86006,86006,86006,86006,86006,0.01
1050,2025.01.09 21:00:00,318491291,BTCUSD,buy,86008,86008,86008,86008,86008,86008,86008,86008,0.01
1051,2025.01.09 23:00:00,318503355,BTCUSD,buy,86012,86012,86012,86012,86012,86012,86012,86012,0.01
1052,2025.01.10 02:00:00,318515366,BTCUSD,buy,86008,86008,86008,86008,86008,86008,86008,86008,0.01
1053,2025.01.10 06:00:00,318553565,BTCUSD,buy,86004,86004,86004,86004,86004,86004,86004,86004,0.01
1054,2025.01.10 08:00:01,318577025,US30,sell,73035,73035,73035,73035,73035,73035,73035,73035,0.01
1055,2025.01.10 10:00:00,318622356,BTCUSD,buy,86003,86003,86003,86003,86003,86003,86003,86003,0.01
1056,2025.01.10 10:00:00,318622485,BTCUSD,buy,86006,86006,86006,86006,86006,86006,86006,86006,0.01
1057,2025.01.10 16:00:00,318829839,BTCUSD,buy,86003,86003,86003,86003,86003,86003,86003,86003,0.01
1058,2025.01.10 16:00:00,318829905,US30,buy,505003,505003,505003,505003,505003,505003,505003,505003,0.01
1059,2025.01.10 16:00:00,318829906,US30,sell,73007,73007,73007,73007,73007,73007,73007,73007,0.01
1060,2025.01.10 16:00:00,318829953,BTCUSD,buy,86006,86006,86006,86006,86006,86006,86006,86006,0.01
1061,2025.01.10 16:00:01,318829969,US30,buy,505028,505028,505028,505028,505028,505028,505028,505028,0.01
1062,2025.01.10 18:00:00,318944401,BTCUSD,buy,86009,86009,86009,86009,86009,86009,86009,86009,0.01
1063,2025.01.10 18:00:00,318944504,BTCUSD,buy,86010,86010,86010,86010,86010,86010,86010,86010,0.01
1064,2025.01.10 20:00:00,318991934,US30,buy,73030,73030,73030,73030,73030,73030,73030,73030,0.01
1065,2025.01.10 20:00:00,318992039,BTCUSD,buy,86010,86010,86010,86010,86010,86010,86010,86010,0.01
1066,2025.01.10 21:00:00,319006437,BTCUSD,buy,86005,86005,86005,86005,86005,86005,86005,86005,0.01
1067,2025.01.11 06:00:00,319030313,BTCUSD,buy,86002,86002,86002,86002,86002,86002,86002,86002,0.01
1068,2025.01.11 07:00:00,319031687,BTCUSD,buy,86006,86006,86006,86006,86006,86006,86006,86006,0.01
1069,2025.01.11 08:00:00,319033190,BTCUSD,buy,86012,86012,86012,86012,86012,86012,86012,86012,0.01
1070,2025.01.11 15:00:00,319043637,BTCUSD,buy,86008,86008,86008,86008,86008,86008,86008,86008,0.01
1071,2025.01.13 04:00:00,319144693,BTCUSD,buy,86006,86006,86006,86006,86006,86006,86006,86006,0.01
1072,2025.01.13 04:00:01,319144815,US30,sell,505049,505049,505049,505049,505049,505049,505049,505049,0.01
1073,2025.01.13 06:00:00,319175887,BTCUSD,buy,86004,86004,86004,86004,86004,86004,86004,86004,0.01
1074,2025.01.13 09:00:00,319227151,BTCUSD,buy,86002,86002,86002,86002,86002,86002,86002,86002,0.01
1075,2025.01.13 11:00:00,319295389,BTCUSD,buy,86005,86005,86005,86005,86005,86005,86005,86005,0.01
1076,2025.01.13 12:00:00,319337964,CADJPY,buy,117015,117015,117015,117015,117015,117015,117015,117015,0.01
1077,2025.01.13 12:00:00,319337974,BTCUSD,buy,86006,86006,86006,86006,86006,86006,86006,86006,0.01
1078,2025.01.13 12:00:00,319338029,US30,buy,73039,73039,73039,73039,73039,73039,73039,73039,0.01
1079,2025.01.13 12:00:00,319338069,CADJPY,buy,117016,117016,117016,117016,117016,117016,117016,117016,0.01
1080,2025.01.13 13:00:00,319375879,BTCUSD,buy,86012,86012,86012,86012,86012,86012,86012,86012,0.01
1081,2025.01.13 14:00:00,319404243,BTCUSD,buy,86005,86005,86005,86005,86005,86005,86005,86005,0.01
1082,2025.01.13 14:00:00,319404356,BTCUSD,buy,86006,86006,86006,86006,86006,86006,86006,86006,0.01
1083,2025.01.13 18:00:00,319598516,BTCUSD,buy,86003,86003,86003,86003,86003,86003,86003,86003,0.01
1084,2025.01.13 18:00:00,319598661,BTCUSD,buy,86006,86006,86006,86006,86006,86006,86006,86006,0.01
1085,2025.01.14 02:00:00,319713043,BTCUSD,buy,86004,86004,86004,86004,86004,86004,86004,86004,0.01
1086,2025.01.14 03:00:00,319724731,BTCUSD,buy,86005,86005,86005,86005,86005,86005,86005,86005,0.01
1087,2025.01.14 03:00:00,319724820,BTCUSD,buy,86006,86006,86006,86006,86006,86006,86006,86006,0.01
1088,2025.01.14 04:00:01,319739733,US30,buy,505035,505035,505035,505035,505035,505035,505035,505035,0.01
1089,2025.01.14 08:00:00,319796172,US30,sell,73035,73035,73035,73035,73035,73035,73035,73035,0.01
1090,2025.01.14 12:00:02,319921498,US30,buy,73011,73011,73011,73011,73011,73011,73011,73011,0.01
1091,2025.01.14 13:00:00,319946246,BTCUSD,buy,86003,86003,86003,86003,86003,86003,86003,86003,0.01
1092,2025.01.14 13:00:00,319946347,BTCUSD,buy,86005,86005,86005,86005,86005,86005,86005,86005,0.01
1093,2025.01.14 13:00:01,319946384,BTCUSD,buy,86006,86006,86006,86006,86006,86006,86006,86006,0.01
1094,2025.01.14 14:00:00,319968096,BTCUSD,buy,86009,86009,86009,86009,86009,86009,86009,86009,0.01
1095,2025.01.14 16:00:00,320067411,US30,sell,505011,505011,505011,505011,505011,505011,505011,505011,0.01
1096,2025.01.14 16:00:00,320067547,BTCUSD,buy,86006,86006,86006,86006,86006,86006,86006,86006,0.01
1097,2025.01.14 17:00:00,320123128,BTCUSD,buy,86006,86006,86006,86006,86006,86006,86006,86006,0.01
1098,2025.01.14 19:00:00,320214060,BTCUSD,buy,86005,86005,86005,86005,86005,86005,86005,86005,0.01
1099,2025.01.14 19:00:00,320214135,BTCUSD,buy,86006,86006,86006,86006,86006,86006,86006,86006,0.01
1100,2025.01.14 22:00:00,320268000,BTCUSD,buy,86005,86005,86005,86005,86005,86005,86005,86005,0.01
1101,2025.01.14 23:00:00,320278050,BTCUSD,buy,86005,86005,86005,86005,86005,86005,86005,86005,0.01
1102,2025.01.15 01:00:00,320284536,AUDJPY,buy,115029,115029,115029,115029,115029,115029,115029,115029,0.01
1103,2025.01.15 03:00:00,320300262,BTCUSD,buy,86005,86005,86005,86005,86005,86005,86005,86005,0.01
1104,2025.01.15 04:00:00,320312292,BTCUSD,buy,86012,86012,86012,86012,86012,86012,86012,86012,0.01
1105,2025.01.15 04:00:00,320312302,US30,sell,73039,73039,73039,73039,73039,73039,73039,73039,0.01
1106,2025.01.15 08:00:00,320361254,US30,buy,505064,505064,505064,505064,505064,505064,505064,505064,0.01
1107,2025.01.15 12:00:00,320488289,US30,buy,73009,73009,73009,73009,73009,73009,73009,73009,0.01
1108,2025.01.15 16:00:00,320627792,BTCUSD,buy,86002,86002,86002,86002,86002,86002,86002,86002,0.01
1109,2025.01.15 16:00:00,320627831,US30,buy,505003,505003,505003,505003,505003,505003,505003,505003,0.01
1110,2025.01.15 16:00:00,320628034,US30,buy,505057,505057,505057,505057,505057,505057,505057,505057,0.01
1111,2025.01.15 16:00:00,320628047,US30,buy,73025,73025,73025,73025,73025,73025,73025,73025,0.01
1112,2025.01.15 16:00:01,320628088,US30,buy,505065,505065,505065,505065,505065,505065,505065,505065,0.01
1113,2025.01.15 16:00:01,320628090,US30,buy,73043,73043,73043,73043,73043,73043,73043,73043,0.01
1114,2025.01.15 18:00:00,320748452,BTCUSD,buy,86003,86003,86003,86003,86003,86003,86003,86003,0.01
1115,2025.01.15 18:00:00,320748453,BTCUSD,buy,124007,124007,124007,124007,124007,124007,124007,124007,0.01
1116,2025.01.15 18:00:00,320748561,BTCUSD,buy,86005,86005,86005,86005,86005,86005,86005,86005,0.01
1117,2025.01.15 19:00:00,320790227,BTCUSD,buy,86005,86005,86005,86005,86005,86005,86005,86005,0.01
1118,2025.01.15 20:00:00,320812624,US30,buy,505007,505007,505007,505007,505007,505007,505007,505007,0.01
1119,2025.01.15 20:00:00,320812676,BTCUSD,buy,86005,86005,86005,86005,86005,86005,86005,86005,0.01
1120,2025.01.15 21:00:00,320826774,BTCUSD,buy,86011,86011,86011,86011,86011,86011,86011,86011,0.01
1121,2025.01.16 02:00:00,320858130,BTCUSD,buy,86012,86012,86012,86012,86012,86012,86012,86012,0.01
1122,2025.01.16 04:00:00,320893136,AUDJPY,buy,115005,115005,115005,115005,115005,115005,115005,115005,0.01
1123,2025.01.16 06:00:00,320914265,BTCUSD,buy,86005,86005,86005,86005,86005,86005,86005,86005,0.01
1124,2025.01.16 07:00:00,320922973,BTCUSD,buy,86008,86008,86008,86008,86008,86008,86008,86008,0.01
1125,2025.01.16 11:00:00,321034341,BTCUSD,buy,86003,86003,86003,86003,86003,86003,86003,86003,0.01
1126,2025.01.16 16:00:00,321208521,US30,sell,73026,73026,73026,73026,73026,73026,73026,73026,0.01
1127,2025.01.16 17:00:00,321263515,BTCUSD,buy,86005,86005,86005,86005,86005,86005,86005,86005,0.01
1128,2025.01.16 17:00:00,321263601,BTCUSD,buy,86006,86006,86006,86006,86006,86006,86006,86006,0.01
1129,2025.01.16 18:00:00,321324822,BTCUSD,buy,86012,86012,86012,86012,86012,86012,86012,86012,0.01
1130,2025.01.16 19:00:00,321368769,BTCUSD,buy,86006,86006,86006,86006,86006,86006,86006,86006,0.01
1131,2025.01.16 20:00:00,321393414,US30,buy,73027,73027,73027,73027,73027,73027,73027,73027,0.01
1132,2025.01.16 20:00:00,321393493,US30,sell,73037,73037,73037,73037,73037,73037,73037,73037,0.01
1133,2025.01.16 21:00:00,321412124,BTCUSD,buy,86005,86005,86005,86005,86005,86005,86005,86005,0.01
1134,2025.01.16 21:00:00,321412216,BTCUSD,buy,86006,86006,86006,86006,86006,86006,86006,86006,0.01
1135,2025.01.16 21:00:01,321412240,BTCUSD,buy,86008,86008,86008,86008,86008,86008,86008,86008,0.01
1136,2025.01.16 22:00:01,321422792,BTCUSD,buy,86009,86009,86009,86009,86009,86009,86009,86009,0.01
1137,2025.01.16 22:00:01,321422798,BTCUSD,buy,86010,86010,86010,86010,86010,86010,86010,86010,0.01
1138,2025.01.16 23:00:00,321430755,BTCUSD,buy,86000,86000,86000,86000,86000,86000,86000,86000,0.01
1139,2025.01.17 05:00:00,321480947,BTCUSD,buy,86005,86005,86005,86005,86005,86005,86005,86005,0.01
1140,2025.01.17 06:00:00,321489251,BTCUSD,buy,86005,86005,86005,86005,86005,86005,86005,86005,0.01
1141,2025.01.17 07:00:00,321498632,BTCUSD,buy,86010,86010,86010,86010,86010,86010,86010,86010,0.01
1142,2025.01.17 12:00:00,321634252,US30,sell,73007,73007,73007,73007,73007,73007,73007,73007,0.01
1143,2025.01.17 14:00:00,321683042,BTCUSD,buy,86003,86003,86003,86003,86003,86003,86003,86003,0.01
1144,2025.01.17 14:00:00,321683168,BTCUSD,buy,86004,86004,86004,86004,86004,86004,86004,86004,0.01
1145,2025.01.17 20:00:00,321913979,BTCUSD,buy,86003,86003,86003,86003,86003,86003,86003,86003,0.01
1146,2025.01.17 20:00:00,321914062,BTCUSD,buy,86005,86005,86005,86005,86005,86005,86005,86005,0.01
1147,2025.01.17 20:00:01,321914092,BTCUSD,buy,86006,86006,86006,86006,86006,86006,86006,86006,0.01
1148,2025.01.17 20:00:01,321914099,US30,buy,73027,73027,73027,73027,73027,73027,73027,73027,0.01
1149,2025.01.17 21:00:01,321927817,BTCUSD,buy,86008,86008,86008,86008,86008,86008,86008,86008,0.01
1150,2025.01.18 02:00:00,321955016,BTCUSD,buy,86005,86005,86005,86005,86005,86005,86005,86005,0.01
1151,2025.01.18 03:00:00,321956257,BTCUSD,buy,86012,86012,86012,86012,86012,86012,86012,86012,0.01
1152,2025.01.18 06:00:00,321961069,BTCUSD,buy,86005,86005,86005,86005,86005,86005,86005,86005,0.01
1153,2025.01.18 06:00:00,321961074,BTCUSD,buy,86006,86006,86006,86006,86006,86006,86006,86006,0.01
1154,2025.01.18 06:00:01,321961076,BTCUSD,buy,86009,86009,86009,86009,86009,86009,86009,86009,0.01
1155,2025.01.18 07:00:01,321964041,BTCUSD,buy,86007,86007,86007,86007,86007,86007,86007,86007,0.01
1156,2025.01.18 07:00:01,321964042,BTCUSD,buy,86012,86012,86012,86012,86012,86012,86012,86012,0.01
1157,2025.01.18 18:00:00,322001544,BTCUSD,buy,86011,86011,86011,86011,86011,86011,86011,86011,0.01
1158,2025.01.20 02:00:00,322133069,BTCUSD,buy,86005,86005,86005,86005,86005,86005,86005,86005,0.01
1159,2025.01.20 02:00:00,322133248,BTCUSD,buy,86006,86006,86006,86006,86006,86006,86006,86006,0.01
1160,2025.01.20 02:00:01,322133272,BTCUSD,buy,86007,86007,86007,86007,86007,86007,86007,86007,0.01
1161,2025.01.20 03:00:00,322149351,BTCUSD,buy,86006,86006,86006,86006,86006,86006,86006,86006,0.01
1162,2025.01.20 04:00:00,322167877,US30,sell,505018,505018,505018,505018,505018,505018,505018,505018,0.01
1163,2025.01.20 04:00:00,322167881,US30,buy,73032,73032,73032,73032,73032,73032,73032,73032,0.01
1164,2025.01.20 05:00:00,322180564,BTCUSD,buy,86009,86009,86009,86009,86009,86009,86009,86009,0.01
1165,2025.01.20 09:00:00,322255122,BTCUSD,buy,86012,86012,86012,86012,86012,86012,86012,86012,0.01
1166,2025.01.20 10:00:00,322286408,BTCUSD,buy,86003,86003,86003,86003,86003,86003,86003,86003,0.01
1167,2025.01.20 10:00:01,322286546,BTCUSD,buy,86005,86005,86005,86005,86005,86005,86005,86005,0.01
1168,2025.01.20 12:00:00,322346679,BTCUSD,buy,86003,86003,86003,86003,86003,86003,86003,86003,0.01
1169,2025.01.20 12:00:00,322346825,BTCUSD,buy,86005,86005,86005,86005,86005,86005,86005,86005,0.01
1170,2025.01.20 13:00:01,322369562,BTCUSD,buy,86005,86005,86005,86005,86005,86005,86005,86005,0.01
1171,2025.01.20 15:00:00,322427113,BTCUSD,buy,86000,86000,86000,86000,86000,86000,86000,86000,0.01
1172,2025.01.20 15:00:00,322427239,BTCUSD,buy,86001,86001,86001,86001,86001,86001,86001,86001,0.01
1173,2025.01.20 15:00:01,322427263,BTCUSD,buy,86002,86002,86002,86002,86002,86002,86002,86002,0.01
1174,2025.01.20 18:00:00,322567448,BTCUSD,buy,86003,86003,86003,86003,86003,86003,86003,86003,0.01
1175,2025.01.20 18:00:00,322567579,BTCUSD,buy,86005,86005,86005,86005,86005,86005,86005,86005,0.01
1176,2025.01.20 18:00:01,322567610,BTCUSD,buy,86006,86006,86006,86006,86006,86006,86006,86006,0.01
1177,2025.01.20 19:00:01,322590542,BTCUSD,buy,86012,86012,86012,86012,86012,86012,86012,86012,0.01
1178,2025.01.20 20:00:00,322625146,BTCUSD,buy,86003,86003,86003,86003,86003,86003,86003,86003,0.01
1179,2025.01.20 20:00:00,322625264,BTCUSD,buy,86005,86005,86005,86005,86005,86005,86005,86005,0.01
1180,2025.01.20 20:00:01,322625277,BTCUSD,buy,86006,86006,86006,86006,86006,86006,86006,86006,0.01
1181,2025.01.20 22:00:00,322645586,BTCUSD,buy,86012,86012,86012,86012,86012,86012,86012,86012,0.01
1182,2025.01.20 23:00:00,322653286,BTCUSD,buy,86006,86006,86006,86006,86006,86006,86006,86006,0.01
1183,2025.01.21 02:00:00,322668164,BTCUSD,buy,86006,86006,86006,86006,86006,86006,86006,86006,0.01
1184,2025.01.21 04:00:00,322718137,BTCUSD,buy,86012,86012,86012,86012,86012,86012,86012,86012,0.01
1185,2025.01.21 07:00:00,322768700,BTCUSD,buy,86005,86005,86005,86005,86005,86005,86005,86005,0.01
1186,2025.01.21 07:00:00,322768808,BTCUSD,buy,86006,86006,86006,86006,86006,86006,86006,86006,0.01
1187,2025.01.21 14:00:00,322966963,BTCUSD,buy,86012,86012,86012,86012,86012,86012,86012,86012,0.01
1188,2025.01.21 16:00:00,323038335,BTCUSD,buy,86003,86003,86003,86003,86003,86003,86003,86003,0.01
1189,2025.01.21 16:00:00,323038557,BTCUSD,buy,86005,86005,86005,86005,86005,86005,86005,86005,0.01
1190,2025.01.21 17:00:00,323105137,BTCUSD,buy,86006,86006,86006,86006,86006,86006,86006,86006,0.01
1191,2025.01.21 19:00:00,323200585,BTCUSD,buy,86003,86003,86003,86003,86003,86003,86003,86003,0.01
1192,2025.01.21 19:00:01,323200750,BTCUSD,buy,86005,86005,86005,86005,86005,86005,86005,86005,0.01
1193,2025.01.21 19:00:01,323200766,BTCUSD,buy,86006,86006,86006,86006,86006,86006,86006,86006,0.01
1194,2025.01.21 20:00:01,323224066,BTCUSD,buy,86008,86008,86008,86008,86008,86008,86008,86008,0.01
1195,2025.01.21 21:00:00,323240832,BTCUSD,buy,86009,86009,86009,86009,86009,86009,86009,86009,0.01
1196,2025.01.21 21:00:00,323240944,BTCUSD,buy,86010,86010,86010,86010,86010,86010,86010,86010,0.01
1197,2025.01.22 07:00:00,323345272,BTCUSD,buy,86010,86010,86010,86010,86010,86010,86010,86010,0.01
1198,2025.01.22 10:00:00,323428219,BTCUSD,buy,86002,86002,86002,86002,86002,86002,86002,86002,0.01
1199,2025.01.22 16:00:00,323651561,BTCUSD,buy,86000,86000,86000,86000,86000,86000,86000,86000,0.01
1200,2025.01.22 16:00:00,323651601,US30,buy,73028,73028,73028,73028,73028,73028,73028,73028,0.01
1201,2025.01.22 16:00:00,323651664,BTCUSD,buy,86001,86001,86001,86001,86001,86001,86001,86001,0.01
1202,2025.01.22 19:00:00,323788837,BTCUSD,buy,86005,86005,86005,86005,86005,86005,86005,86005,0.01
1203,2025.01.23 06:00:00,323901819,BTCUSD,buy,86006,86006,86006,86006,86006,86006,86006,86006,0.01
1204,2025.01.23 07:00:00,323912398,BTCUSD,buy,86012,86012,86012,86012,86012,86012,86012,86012,0.01
1205,2025.01.23 09:00:00,323940280,BTCUSD,buy,86003,86003,86003,86003,86003,86003,86003,86003,0.01
1206,2025.01.23 13:00:00,324077671,BTCUSD,buy,86011,86011,86011,86011,86011,86011,86011,86011,0.01
1207,2025.01.23 15:00:00,324151627,BTCUSD,buy,86003,86003,86003,86003,86003,86003,86003,86003,0.01
1208,2025.01.23 16:00:00,324204698,US30,buy,505028,505028,505028,505028,505028,505028,505028,505028,0.01
1209,2025.01.23 16:00:00,324204700,US30,buy,73025,73025,73025,73025,73025,73025,73025,73025,0.01
1210,2025.01.23 18:00:00,324311758,BTCUSD,buy,86008,86008,86008,86008,86008,86008,86008,86008,0.01
1211,2025.01.23 19:00:00,324365454,BTCUSD,buy,86003,86003,86003,86003,86003,86003,86003,86003,0.01
1212,2025.01.23 19:00:00,324365559,BTCUSD,buy,86005,86005,86005,86005,86005,86005,86005,86005,0.01
1213,2025.01.23 20:00:00,324389394,US30,buy,73006,73006,73006,73006,73006,73006,73006,73006,0.01
1214,2025.01.23 21:00:00,324403758,BTCUSD,buy,86005,86005,86005,86005,86005,86005,86005,86005,0.01
1215,2025.01.23 21:00:00,324403846,BTCUSD,buy,86006,86006,86006,86006,86006,86006,86006,86006,0.01
1216,2025.01.23 22:00:00,324415563,BTCUSD,buy,86005,86005,86005,86005,86005,86005,86005,86005,0.01
1217,2025.01.23 22:00:00,324415666,BTCUSD,buy,86006,86006,86006,86006,86006,86006,86006,86006,0.01
1218,2025.01.23 22:00:01,324415694,BTCUSD,buy,86009,86009,86009,86009,86009,86009,86009,86009,0.01
1219,2025.01.23 23:00:00,324429427,BTCUSD,buy,86005,86005,86005,86005,86005,86005,86005,86005,0.01
1220,2025.01.23 23:00:00,324429529,BTCUSD,buy,86006,86006,86006,86006,86006,86006,86006,86006,0.01
1221,2025.01.23 23:00:01,324429559,BTCUSD,buy,86007,86007,86007,86007,86007,86007,86007,86007,0.01
1222,2025.01.24 06:00:00,324516639,BTCUSD,buy,86012,86012,86012,86012,86012,86012,86012,86012,0.01
1223,2025.01.24 10:00:00,324590147,BTCUSD,buy,86008,86008,86008,86008,86008,86008,86008,86008,0.01
1224,2025.01.24 11:00:00,324624003,BTCUSD,buy,86012,86012,86012,86012,86012,86012,86012,86012,0.01
1225,2025.01.24 17:00:00,324819452,BTCUSD,buy,86011,86011,86011,86011,86011,86011,86011,86011,0.01
1226,2025.01.25 07:00:00,324965097,BTCUSD,buy,86005,86005,86005,86005,86005,86005,86005,86005,0.01
1227,2025.01.25 07:00:00,324965101,BTCUSD,buy,86006,86006,86006,86006,86006,86006,86006,86006,0.01
1228,2025.01.27 02:00:00,325034284,BTCUSD,buy,86005,86005,86005,86005,86005,86005,86005,86005,0.01
1229,2025.01.27 02:00:00,325034363,BTCUSD,buy,86006,86006,86006,86006,86006,86006,86006,86006,0.01
1230,2025.01.27 02:00:01,325034397,BTCUSD,buy,86007,86007,86007,86007,86007,86007,86007,86007,0.01
1231,2025.01.27 04:00:00,325068631,BTCUSD,buy,86006,86006,86006,86006,86006,86006,86006,86006,0.01
1232,2025.01.27 07:00:00,325118671,BTCUSD,buy,86005,86005,86005,86005,86005,86005,86005,86005,0.01
1233,2025.01.27 07:00:00,325118821,BTCUSD,buy,86006,86006,86006,86006,86006,86006,86006,86006,0.01
1234,2025.01.27 09:00:00,325161608,BTCUSD,buy,86003,86003,86003,86003,86003,86003,86003,86003,0.01
1235,2025.01.27 09:00:00,325161693,BTCUSD,buy,86006,86006,86006,86006,86006,86006,86006,86006,0.01
1236,2025.01.27 10:00:00,325201125,BTCUSD,buy,86012,86012,86012,86012,86012,86012,86012,86012,0.01
1237,2025.01.27 16:00:00,325435266,BTCUSD,buy,86003,86003,86003,86003,86003,86003,86003,86003,0.01
1238,2025.01.27 16:00:00,325435391,BTCUSD,buy,86005,86005,86005,86005,86005,86005,86005,86005,0.01
1239,2025.01.27 16:00:01,325435420,BTCUSD,buy,86006,86006,86006,86006,86006,86006,86006,86006,0.01
1240,2025.01.27 18:00:00,325537441,BTCUSD,buy,86003,86003,86003,86003,86003,86003,86003,86003,0.01
1241,2025.01.27 19:00:00,325571185,BTCUSD,buy,86006,86006,86006,86006,86006,86006,86006,86006,0.01
1242,2025.01.27 19:00:00,325571265,BTCUSD,buy,86009,86009,86009,86009,86009,86009,86009,86009,0.01
1243,2025.01.28 02:00:00,325655752,BTCUSD,buy,86009,86009,86009,86009,86009,86009,86009,86009,0.01
1244,2025.01.28 02:00:00,325655899,BTCUSD,buy,86010,86010,86010,86010,86010,86010,86010,86010,0.01
1245,2025.01.28 07:00:00,325718127,BTCUSD,buy,86005,86005,86005,86005,86005,86005,86005,86005,0.01
1246,2025.01.28 23:00:00,326154624,BTCUSD,buy,86006,86006,86006,86006,86006,86006,86006,86006,0.01
1247,2025.01.29 02:00:00,326168903,BTCUSD,buy,86009,86009,86009,86009,86009,86009,86009,86009,0.01
1248,2025.01.29 02:00:00,326169012,BTCUSD,buy,86010,86010,86010,86010,86010,86010,86010,86010,0.01
1249,2025.01.29 07:00:00,326221453,BTCUSD,buy,86005,86005,86005,86005,86005,86005,86005,86005,0.01
1250,2025.01.29 10:00:00,326278578,BTCUSD,buy,86004,86004,86004,86004,86004,86004,86004,86004,0.01
1251,2025.01.30 02:00:00,326711338,BTCUSD,buy,86005,86005,86005,86005,86005,86005,86005,86005,0.01
1252,2025.01.30 02:00:00,326711414,BTCUSD,buy,86006,86006,86006,86006,86006,86006,86006,86006,0.01
1253,2025.01.30 02:00:01,326711433,BTCUSD,buy,86007,86007,86007,86007,86007,86007,86007,86007,0.01
1254,2025.01.30 08:00:00,326770389,BTCUSD,buy,86004,86004,86004,86004,86004,86004,86004,86004,0.01
1255,2025.01.30 08:00:00,326770516,BTCUSD,buy,86008,86008,86008,86008,86008,86008,86008,86008,0.01
1256,2025.01.30 09:00:00,326787561,BTCUSD,buy,86003,86003,86003,86003,86003,86003,86003,86003,0.01
1257,2025.01.30 17:00:00,327090875,BTCUSD,buy,86012,86012,86012,86012,86012,86012,86012,86012,0.01
1258,2025.01.30 20:00:00,327194429,US30,sell,73039,73039,73039,73039,73039,73039,73039,73039,0.01
1259,2025.01.31 04:00:00,327276175,BTCUSD,buy,86008,86008,86008,86008,86008,86008,86008,86008,0.01
1260,2025.01.31 05:00:00,327284701,BTCUSD,buy,86005,86005,86005,86005,86005,86005,86005,86005,0.01
1261,2025.01.31 06:00:00,327291792,BTCUSD,buy,86004,86004,86004,86004,86004,86004,86004,86004,0.01
1262,2025.01.31 15:00:00,327490273,BTCUSD,buy,86003,86003,86003,86003,86003,86003,86003,86003,0.01
1263,2025.01.31 16:00:00,327523821,BTCUSD,buy,86006,86006,86006,86006,86006,86006,86006,86006,0.01
1264,2025.01.31 18:00:00,327626327,BTCUSD,buy,86011,86011,86011,86011,86011,86011,86011,86011,0.01
1265,2025.01.31 21:00:00,327716346,BTCUSD,buy,86000,86000,86000,86000,86000,86000,86000,86000,0.01
1266,2025.01.31 21:00:00,327716408,BTCUSD,buy,86001,86001,86001,86001,86001,86001,86001,86001,0.01
1267,2025.02.01 02:00:00,327749076,BTCUSD,buy,86004,86004,86004,86004,86004,86004,86004,86004,0.01
1268,2025.02.01 03:00:00,327750137,BTCUSD,buy,86009,86009,86009,86009,86009,86009,86009,86009,0.01
1269,2025.02.01 08:00:00,327755419,BTCUSD,buy,86012,86012,86012,86012,86012,86012,86012,86012,0.01
1270,2025.02.03 17:10:40,328265717,BTCUSD,buy,86012,86012,86012,86012,86012,86012,86012,86012,0.01
1271,2025.02.03 19:00:00,328348605,BTCUSD,buy,86003,86003,86003,86003,86003,86003,86003,86003,0.01
1272,2025.02.03 19:00:00,328348643,BTCUSD,buy,86005,86005,86005,86005,86005,86005,86005,86005,0.01
1273,2025.02.03 19:00:01,328348669,BTCUSD,buy,86006,86006,86006,86006,86006,86006,86006,86006,0.01
1274,2025.02.03 20:00:00,328368104,BTCUSD,buy,86009,86009,86009,86009,86009,86009,86009,86009,0.01
1275,2025.02.03 23:00:00,328399463,BTCUSD,buy,86005,86005,86005,86005,86005,86005,86005,86005,0.01
1276,2025.02.03 23:00:00,328399489,BTCUSD,buy,86006,86006,86006,86006,86006,86006,86006,86006,0.01
1277,2025.02.04 02:00:00,328420546,BTCUSD,buy,86005,86005,86005,86005,86005,86005,86005,86005,0.01
1278,2025.02.04 03:00:00,328429420,BTCUSD,buy,86000,86000,86000,86000,86000,86000,86000,86000,0.01
1279,2025.02.04 03:00:01,328429527,BTCUSD,buy,86005,86005,86005,86005,86005,86005,86005,86005,0.01
1280,2025.02.04 04:00:00,328442236,BTCUSD,buy,86012,86012,86012,86012,86012,86012,86012,86012,0.01
1281,2025.02.04 07:00:00,328475697,BTCUSD,buy,86005,86005,86005,86005,86005,86005,86005,86005,0.01
1282,2025.02.04 08:00:00,328499093,BTCUSD,buy,86006,86006,86006,86006,86006,86006,86006,86006,0.01
1283,2025.02.04 08:00:00,328499170,BTCUSD,buy,86007,86007,86007,86007,86007,86007,86007,86007,0.01
1284,2025.02.04 12:00:00,328623009,BTCUSD,buy,86003,86003,86003,86003,86003,86003,86003,86003,0.01
1285,2025.02.04 12:00:00,328623120,BTCUSD,buy,86005,86005,86005,86005,86005,86005,86005,86005,0.01
1286,2025.02.04 15:00:00,328695195,BTCUSD,buy,86006,86006,86006,86006,86006,86006,86006,86006,0.01
1287,2025.02.04 16:00:00,328738089,CADJPY,buy,117007,117007,117007,117007,117007,117007,117007,117007,0.01
1288,2025.02.04 18:00:00,328845267,BTCUSD,buy,86011,86011,86011,86011,86011,86011,86011,86011,0.01
1289,2025.02.04 18:00:00,328845278,CADJPY,sell,117025,117025,117025,117025,117025,117025,117025,117025,0.01
1290,2025.02.04 19:00:00,328874000,BTCUSD,buy,86003,86003,86003,86003,86003,86003,86003,86003,0.01
1291,2025.02.04 22:00:01,328919411,BTCUSD,buy,86006,86006,86006,86006,86006,86006,86006,86006,0.01
1292,2025.02.05 02:00:00,328946091,BTCUSD,buy,86005,86005,86005,86005,86005,86005,86005,86005,0.01
1293,2025.02.05 02:00:00,328946165,BTCUSD,buy,86006,86006,86006,86006,86006,86006,86006,86006,0.01
1294,2025.02.05 06:00:00,329007594,BTCUSD,buy,86006,86006,86006,86006,86006,86006,86006,86006,0.01
1295,2025.02.05 06:00:00,329007675,BTCUSD,buy,86012,86012,86012,86012,86012,86012,86012,86012,0.01
1296,2025.02.05 09:00:00,329053256,BTCUSD,sell,124009,124009,124009,124009,124009,124009,124009,124009,0.01
1297,2025.02.05 19:00:00,329427262,BTCUSD,buy,86000,86000,86000,86000,86000,86000,86000,86000,0.01
1298,2025.02.05 19:00:00,329427360,BTCUSD,buy,86001,86001,86001,86001,86001,86001,86001,86001,0.01
1299,2025.02.06 03:00:00,329502056,BTCUSD,buy,86011,86011,86011,86011,86011,86011,86011,86011,0.01
1300,2025.02.06 03:00:00,329502141,BTCUSD,buy,86012,86012,86012,86012,86012,86012,86012,86012,0.01
1301,2025.02.06 05:00:00,329530222,BTCUSD,buy,86004,86004,86004,86004,86004,86004,86004,86004,0.01
1302,2025.02.06 08:00:00,329565602,BTCUSD,buy,86012,86012,86012,86012,86012,86012,86012,86012,0.01
1303,2025.02.06 10:00:00,329620174,BTCUSD,buy,86004,86004,86004,86004,86004,86004,86004,86004,0.01
1304,2025.02.06 19:00:00,329981578,BTCUSD,buy,86006,86006,86006,86006,86006,86006,86006,86006,0.01
1305,2025.02.06 21:00:00,330016018,BTCUSD,buy,86012,86012,86012,86012,86012,86012,86012,86012,0.01
1306,2025.02.06 22:00:00,330028824,BTCUSD,buy,86005,86005,86005,86005,86005,86005,86005,86005,0.01
1307,2025.02.07 07:00:00,330109127,BTCUSD,buy,86004,86004,86004,86004,86004,86004,86004,86004,0.01
1308,2025.02.07 18:00:00,330472272,BTCUSD,buy,86003,86003,86003,86003,86003,86003,86003,86003,0.01
1309,2025.02.07 18:00:00,330472413,BTCUSD,buy,86005,86005,86005,86005,86005,86005,86005,86005,0.01
1310,2025.02.07 18:00:01,330472446,BTCUSD,buy,86006,86006,86006,86006,86006,86006,86006,86006,0.01
1311,2025.02.07 20:00:00,330542846,BTCUSD,sell,124003,124003,124003,124003,124003,124003,124003,124003,0.01
1312,2025.02.07 20:00:00,330542847,BTCUSD,buy,86000,86000,86000,86000,86000,86000,86000,86000,0.01
1313,2025.02.08 04:00:00,330585322,BTCUSD,buy,86004,86004,86004,86004,86004,86004,86004,86004,0.01
1314,2025.02.08 04:00:00,330585326,BTCUSD,buy,86005,86005,86005,86005,86005,86005,86005,86005,0.01
1315,2025.02.08 04:00:01,330585327,BTCUSD,buy,86006,86006,86006,86006,86006,86006,86006,86006,0.01
1316,2025.02.10 01:00:00,330670889,USDCAD,sell,135000,135000,135000,135000,135000,135000,135000,135000,0.01
1317,2025.02.10 01:00:00,330670936,USDCAD,buy,135032,135032,135032,135032,135032,135032,135032,135032,0.01
1318,2025.02.10 01:00:01,330670947,USDCAD,buy,135037,135037,135037,135037,135037,135037,135037,135037,0.01
1319,2025.02.10 01:00:01,330670952,USDCAD,buy,135038,135038,135038,135038,135038,135038,135038,135038,0.01
1320,2025.02.10 01:00:01,330670958,USDCAD,buy,135039,135039,135039,135039,135039,135039,135039,135039,0.01
1321,2025.02.10 02:00:00,330682113,USDCAD,buy,135014,135014,135014,135014,135014,135014,135014,135014,0.01
1322,2025.02.10 03:00:00,330693962,BTCUSD,buy,86006,86006,86006,86006,86006,86006,86006,86006,0.01
1323,2025.02.10 07:00:00,330748197,USDCAD,buy,135006,135006,135006,135006,135006,135006,135006,135006,0.01
1324,2025.02.10 10:00:00,330823149,USDCAD,buy,135021,135021,135021,135021,135021,135021,135021,135021,0.01
1325,2025.02.10 14:00:00,330948256,USDCAD,buy,135036,135036,135036,135036,135036,135036,135036,135036,0.01
1326,2025.02.10 18:00:00,331133343,USDCAD,buy,135035,135035,135035,135035,135035,135035,135035,135035,0.01
1327,2025.02.12 19:00:00,332323497,USDCAD,buy,135010,135010,135010,135010,135010,135010,135010,135010,0.01
1328,2025.02.12 19:00:00,332323675,USDCAD,buy,135018,135018,135018,135018,135018,135018,135018,135018,0.01
1329,2025.02.12 20:00:00,332355048,USDCAD,buy,135015,135015,135015,135015,135015,135015,135015,135015,0.01
1330,2025.02.24 13:00:00,336601435,CADJPY,sell,117005,117005,117005,117005,117005,117005,117005,117005,0.17
1331,2025.02.25 10:00:00,337098507,CADJPY,buy,117015,117015,117015,117015,117015,117015,117015,117015,0.17
1332,2025.02.26 08:29:35,337696868,CADJPY,buy,Portfolio [15.18],Portfolio [15.18],Portfolio [15.18],Portfolio [15.18],Portfolio [15.18],Portfolio [15.18],Portfolio [15.18],Portfolio [15.18],0.1
1333,2025.02.26 19:00:00,338105432,CADJPY,buy,117016,117016,117016,117016,117016,117016,117016,117016,0.17
1334,2025.02.26 20:00:00,338136747,CADJPY,buy,117029,117029,117029,117029,117029,117029,117029,117029,0.17
1335,2025.02.26 21:00:00,338159329,CADJPY,buy,117020,117020,117020,117020,117020,117020,117020,117020,0.17
1336,2025.02.28 10:26:02,338872341,CADJPY,buy,Portfolio [15.18],Portfolio [15.18],Portfolio [15.18],Portfolio [15.18],Portfolio [15.18],Portfolio [15.18],Portfolio [15.18],Portfolio [15.18],0.1
1337,2025.02.28 20:00:00,339320719,CADJPY,buy,117006,117006,117006,117006,117006,117006,117006,117006,0.17
1338,2025.03.03 04:00:00,339562825,CADJPY,buy,117021,117021,117021,117021,117021,117021,117021,117021,0.17
1339,2025.03.03 13:00:00,339777645,CADJPY,buy,117009,117009,117009,117009,117009,117009,117009,117009,0.17
1340,2025.03.03 16:00:00,339876761,CADJPY,sell,117002,117002,117002,117002,117002,117002,117002,117002,0.17
1341,2025.03.03 16:00:00,339876958,CADJPY,buy,117007,117007,117007,117007,117007,117007,117007,117007,0.17
1342,2025.03.04 09:00:00,340268525,CADJPY,sell,117005,117005,117005,117005,117005,117005,117005,117005,0.05
1343,2025.03.04 22:22:23,340768479,CADJPY,buy,Portfolio [15.18],Portfolio [15.18],Portfolio [15.18],Portfolio [15.18],Portfolio [15.18],Portfolio [15.18],Portfolio [15.18],Portfolio [15.18],0.05
1344,2025.03.05 01:00:00,340812925,CADJPY,buy,117007,117007,117007,117007,117007,117007,117007,117007,0.05
1345,2025.03.05 01:00:00,340812980,CADJPY,buy,117010,117010,117010,117010,117010,117010,117010,117010,0.05
1346,2025.03.05 05:00:00,340877432,CADJPY,buy,117028,117028,117028,117028,117028,117028,117028,117028,0.05
1347,2025.03.05 15:00:00,341151997,CADJPY,buy,117022,117022,117022,117022,117022,117022,117022,117022,0.05
1348,2025.03.06 18:00:00,341986305,CADJPY,buy,117009,117009,117009,117009,117009,117009,117009,117009,0.05
1349,2025.03.06 20:00:00,342047362,CADJPY,buy,117021,117021,117021,117021,117021,117021,117021,117021,0.05
1350,2025.03.07 08:00:00,342207655,CADJPY,buy,117020,117020,117020,117020,117020,117020,117020,117020,0.05
1351,2025.03.10 04:00:00,342850956,CADJPY,buy,117015,117015,117015,117015,117015,117015,117015,117015,0.01
1352,2025.03.11 06:18:19,343592466,CADJPY,buy,Portfolio [15.18],Portfolio [15.18],Portfolio [15.18],Portfolio [15.18],Portfolio [15.18],Portfolio [15.18],Portfolio [15.18],Portfolio [15.18],0.01
1353,2025.03.11 21:00:00,344123636,CADJPY,buy,117020,117020,117020,117020,117020,117020,117020,117020,0.01
1354,2025.03.12 09:00:00,344270822,CADJPY,buy,117006,117006,117006,117006,117006,117006,117006,117006,0.01
1355,2025.03.13 01:00:00,344810859,CADJPY,buy,117003,117003,117003,117003,117003,117003,117003,117003,0.01
1356,2025.03.13 01:00:00,344810922,CADJPY,buy,117018,117018,117018,117018,117018,117018,117018,117018,0.01
1357,2025.03.14 10:00:00,345589187,CADJPY,sell,117025,117025,117025,117025,117025,117025,117025,117025,0.01
1358,2025.03.18 03:00:00,346715198,CADJPY,buy,117011,117011,117011,117011,117011,117011,117011,117011,0.01
1359,2025.03.18 06:00:00,346768223,EURJPY,buy,EURJPY_H1_151,EURJPY_H1_151,EURJPY_H1_151,EURJPY_H1_151,EURJPY_H1_151,EURJPY_H1_151,EURJPY_H1_151,EURJPY_H1_151,0.01
1360,2025.03.19 07:00:00,347406720,CADJPY,buy,117005,117005,117005,117005,117005,117005,117005,117005,0.01
1361,2025.03.19 07:00:00,347406810,CADJPY,buy,117010,117010,117010,117010,117010,117010,117010,117010,0.01
1362,2025.03.19 11:00:00,347524108,CADJPY,buy,117030,117030,117030,117030,117030,117030,117030,117030,0.01
1363,2025.03.19 14:57:44,347524114,CADJPY,buy,Portfolio [15.18],Portfolio [15.18],Portfolio [15.18],Portfolio [15.18],Portfolio [15.18],Portfolio [15.18],Portfolio [15.18],Portfolio [15.18],0.01
1364,2025.03.20 12:00:00,348191131,EURJPY,buy,EURJPY_H1_151,EURJPY_H1_151,EURJPY_H1_151,EURJPY_H1_151,EURJPY_H1_151,EURJPY_H1_151,EURJPY_H1_151,EURJPY_H1_151,0.01
1365,2025.03.20 17:00:00,348401320,CADJPY,buy,117000,117000,117000,117000,117000,117000,117000,117000,0.01
1366,2025.03.20 17:07:11,348401344,CADJPY,buy,Portfolio [15.18],Portfolio [15.18],Portfolio [15.18],Portfolio [15.18],Portfolio [15.18],Portfolio [15.18],Portfolio [15.18],Portfolio [15.18],0.01
1367,2025.03.21 02:00:00,348580970,CADJPY,buy,117022,117022,117022,117022,117022,117022,117022,117022,0.01
1368,2025.03.21 06:00:00,348628756,CADJPY,sell,117002,117002,117002,117002,117002,117002,117002,117002,0.01
1369,2025.03.21 17:00:00,348987736,CADJPY,buy,117007,117007,117007,117007,117007,117007,117007,117007,0.01
1370,2025.03.25 17:00:00,350243914,CADJPY,buy,117026,117026,117026,117026,117026,117026,117026,117026,0.01
1371,2025.03.25 18:00:00,350312466,CADJPY,buy,117013,117013,117013,117013,117013,117013,117013,117013,0.01
1372,2025.03.28 01:00:00,351702121,CADJPY,buy,117020,117020,117020,117020,117020,117020,117020,117020,0.01
1373,2025.03.31 04:00:00,352440816,CADJPY,buy,117025,117025,117025,117025,117025,117025,117025,117025,0.01
1374,2025.04.01 17:50:24,353473621,CADJPY,buy,Portfolio [15.18],Portfolio [15.18],Portfolio [15.18],Portfolio [15.18],Portfolio [15.18],Portfolio [15.18],Portfolio [15.18],Portfolio [15.18],0.01
1375,2025.04.03 18:26:02,354963539,CADJPY,buy,Portfolio [15.18],Portfolio [15.18],Portfolio [15.18],Portfolio [15.18],Portfolio [15.18],Portfolio [15.18],Portfolio [15.18],Portfolio [15.18],0.01
1376,2025.04.04 08:00:02,355197610,CADJPY,buy,117016,117016,117016,117016,117016,117016,117016,117016,0.01
1377,2025.04.04 21:02:46,355711589,CADJPY,buy,Portfolio [15.18],Portfolio [15.18],Portfolio [15.18],Portfolio [15.18],Portfolio [15.18],Portfolio [15.18],Portfolio [15.18],Portfolio [15.18],0.01
1378,2025.04.07 16:57:04,356272357,CADJPY,buy,Portfolio [15.18],Portfolio [15.18],Portfolio [15.18],Portfolio [15.18],Portfolio [15.18],Portfolio [15.18],Portfolio [15.18],Portfolio [15.18],0.01
1379,2025.04.07 20:00:00,356581468,CADJPY,buy,117007,117007,117007,117007,117007,117007,117007,117007,0.01
1380,2025.04.09 16:41:35,357882255,CADJPY,buy,Portfolio [15.18],Portfolio [15.18],Portfolio [15.18],Portfolio [15.18],Portfolio [15.18],Portfolio [15.18],Portfolio [15.18],Portfolio [15.18],0.01
1381,2025.04.11 19:43:00,359304001,CADJPY,buy,Portfolio [15.18],Portfolio [15.18],Portfolio [15.18],Portfolio [15.18],Portfolio [15.18],Portfolio [15.18],Portfolio [15.18],Portfolio [15.18],0.01
1382,2025.04.15 04:00:00,360540903,USDCAD,buy,170051,170051,170051,170051,170051,170051,170051,170051,0.01
1383,2025.04.15 16:00:00,360947744,USDCAD,sell,170036,170036,170036,170036,170036,170036,170036,170036,0.01
1384,2025.04.16 11:27:56,361493181,CADJPY,buy,Portfolio [15.18],Portfolio [15.18],Portfolio [15.18],Portfolio [15.18],Portfolio [15.18],Portfolio [15.18],Portfolio [15.18],Portfolio [15.18],0.01
1385,2025.04.23 20:00:00,365167140,USDCAD,buy,170002,170002,170002,170002,170002,170002,170002,170002,0.02
1386,2025.04.29 08:00:00,367551922,USDCAD,buy,170010,170010,170010,170010,170010,170010,170010,170010,0.03
1387,2025.04.29 08:00:00,367551932,USDCAD,buy,170013,170013,170013,170013,170013,170013,170013,170013,0.03
1388,2025.04.29 08:00:00,367551945,USDCAD,buy,170014,170014,170014,170014,170014,170014,170014,170014,0.03
1389,2025.04.29 08:00:00,367551963,USDCAD,buy,170018,170018,170018,170018,170018,170018,170018,170018,0.03
1390,2025.04.29 08:00:00,367551965,USDCAD,buy,170022,170022,170022,170022,170022,170022,170022,170022,0.03
1391,2025.04.29 08:00:00,367551970,USDCAD,buy,170028,170028,170028,170028,170028,170028,170028,170028,0.03
1392,2025.04.29 08:00:00,367551973,USDCAD,buy,170056,170056,170056,170056,170056,170056,170056,170056,0.03
1393,2025.05.01 23:00:00,369482632,EURJPY,buy,EURJPY_H1_151,EURJPY_H1_151,EURJPY_H1_151,EURJPY_H1_151,EURJPY_H1_151,EURJPY_H1_151,EURJPY_H1_151,EURJPY_H1_151,0.01
1394,2025.05.02 08:00:00,369606930,USDCAD,sell,170000,170000,170000,170000,170000,170000,170000,170000,0.03
1395,2025.05.05 14:00:00,370561721,USDCAD,buy,182064,182064,182064,182064,182064,182064,182064,182064,0.01
1396,2025.05.07 20:00:00,372256874,USDCAD,buy,170036,170036,170036,170036,170036,170036,170036,170036,0.01
1397,2025.05.07 23:00:00,372354790,USDCAD,buy,182058,182058,182058,182058,182058,182058,182058,182058,0.01
1398,2025.05.08 06:00:01,372456403,USDCAD,sell,182090,182090,182090,182090,182090,182090,182090,182090,0.01
1399,2025.05.08 08:00:00,372504266,USDCAD,sell,170010,170010,170010,170010,170010,170010,170010,170010,0.01
1400,2025.05.08 08:00:01,372504311,USDCAD,sell,170013,170013,170013,170013,170013,170013,170013,170013,0.01
1401,2025.05.08 08:00:01,372504314,USDCAD,sell,170014,170014,170014,170014,170014,170014,170014,170014,0.01
1402,2025.05.08 08:00:01,372504408,USDCAD,sell,170018,170018,170018,170018,170018,170018,170018,170018,0.01
1403,2025.05.08 08:00:02,372504425,USDCAD,sell,170022,170022,170022,170022,170022,170022,170022,170022,0.01
1404,2025.05.08 08:00:02,372504439,USDCAD,sell,170028,170028,170028,170028,170028,170028,170028,170028,0.01
1405,2025.05.08 08:00:03,372504460,USDCAD,sell,170056,170056,170056,170056,170056,170056,170056,170056,0.01
1406,2025.05.08 10:00:00,372604935,USDCAD,sell,182032,182032,182032,182032,182032,182032,182032,182032,0.01
1407,2025.05.08 12:00:00,372683976,USDCAD,sell,182068,182068,182068,182068,182068,182068,182068,182068,0.01
1408,2025.05.08 13:00:00,372715067,USDCAD,sell,182080,182080,182080,182080,182080,182080,182080,182080,0.01
1409,2025.05.08 16:00:00,372822767,USDCAD,sell,170012,170012,170012,170012,170012,170012,170012,170012,0.01
1410,2025.05.08 16:00:00,372822826,USDCAD,sell,170029,170029,170029,170029,170029,170029,170029,170029,0.01
1411,2025.05.08 21:00:02,373071711,USDCAD,sell,182053,182053,182053,182053,182053,182053,182053,182053,0.01
1412,2025.05.13 19:00:00,375208903,USDCAD,buy,182074,182074,182074,182074,182074,182074,182074,182074,0.01
1413,2025.05.14 04:00:00,375338582,USDCAD,buy,170024,170024,170024,170024,170024,170024,170024,170024,0.01
1414,2025.05.14 13:00:00,375637304,BTCUSD,buy,183028,183028,183028,183028,183028,183028,183028,183028,0.01
1415,2025.05.15 04:00:00,376089015,USDCAD,sell,170000,170000,170000,170000,170000,170000,170000,170000,0.01
1416,2025.05.16 02:00:00,376784948,EURJPY,buy,EURJPY_H1_151,EURJPY_H1_151,EURJPY_H1_151,EURJPY_H1_151,EURJPY_H1_151,EURJPY_H1_151,EURJPY_H1_151,EURJPY_H1_151,0.01
1417,2025.05.16 15:00:01,377168381,USDCAD,sell,182064,182064,182064,182064,182064,182064,182064,182064,0.01
1418,2025.05.16 22:00:00,377401191,USDCAD,sell,182058,182058,182058,182058,182058,182058,182058,182058,0.01
1419,2025.05.19 07:00:01,377637463,USDCAD,sell,182074,182074,182074,182074,182074,182074,182074,182074,0.01
1420,2025.05.19 20:00:00,378123519,BTCUSD,buy,186022,186022,186022,186022,186022,186022,186022,186022,0.01
1421,2025.05.20 02:00:00,378190380,USDCAD,buy,182058,182058,182058,182058,182058,182058,182058,182058,0.01
1422,2025.05.20 17:00:00,378682849,USDCAD,buy,182017,182017,182017,182017,182017,182017,182017,182017,0.01
1423,2025.05.20 19:00:00,378788358,EURJPY,sell,187087,187087,187087,187087,187087,187087,187087,187087,0.01
1424,2025.05.21 05:00:00,378960830,EURJPY,buy,187087,187087,187087,187087,187087,187087,187087,187087,0.01
1425,2025.05.21 18:00:00,379444577,USDCAD,buy,182032,182032,182032,182032,182032,182032,182032,182032,0.01
1426,2025.05.21 18:00:00,379444625,USDCAD,buy,182053,182053,182053,182053,182053,182053,182053,182053,0.01
1427,2025.05.21 22:00:01,379558827,USDCAD,buy,182068,182068,182068,182068,182068,182068,182068,182068,0.01
1428,2025.05.22 12:00:00,379855961,EURJPY,buy,187136,187136,187136,187136,187136,187136,187136,187136,0.01
1429,2025.05.22 12:00:00,379856025,USDCAD,sell,170036,170036,170036,170036,170036,170036,170036,170036,0.01
1430,2025.05.26 02:00:00,380995585,USDCAD,buy,182068,182068,182068,182068,182068,182068,182068,182068,0.01
1431,2025.05.26 06:00:00,381076832,USDCAD,buy,182075,182075,182075,182075,182075,182075,182075,182075,0.01
1432,2025.05.27 16:00:00,381936244,USDCAD,buy,170002,170002,170002,170002,170002,170002,170002,170002,0.01
1433,2025.05.27 20:00:00,382118997,BTCUSD,buy,186081,186081,186081,186081,186081,186081,186081,186081,0.02
1434,2025.05.28 16:00:00,382566976,USDCAD,sell,170038,170038,170038,170038,170038,170038,170038,170038,0.01
1435,2025.05.28 16:00:00,382567009,USDCAD,sell,182064,182064,182064,182064,182064,182064,182064,182064,0.01
1436,2025.05.29 12:00:00,383087448,USDCAD,sell,182080,182080,182080,182080,182080,182080,182080,182080,0.01
1437,2025.05.29 20:00:01,383430089,USDCAD,buy,182080,182080,182080,182080,182080,182080,182080,182080,0.01
1438,2025.05.30 06:00:00,383572514,USDCAD,sell,182017,182017,182017,182017,182017,182017,182017,182017,0.01
1439,2025.06.02 04:00:00,384201749,BTCUSD,buy,186081,186081,186081,186081,186081,186081,186081,186081,0.02
1440,2025.06.02 06:00:08,384238706,USDCAD,buy,182068,182068,182068,182068,182068,182068,182068,182068,0.01
1441,2025.06.06 12:00:00,386941836,USDCAD,sell,170024,170024,170024,170024,170024,170024,170024,170024,0.01
1442,2025.06.06 18:00:00,387185851,EURJPY,buy,EURJPY_H1_151,EURJPY_H1_151,EURJPY_H1_151,EURJPY_H1_151,EURJPY_H1_151,EURJPY_H1_151,EURJPY_H1_151,EURJPY_H1_151,0.01
1443,2025.06.09 17:00:00,387753420,USDCAD,sell,182074,182074,182074,182074,182074,182074,182074,182074,0.01
1444,2025.06.11 18:08:21,389105455,NAS100,buy,,,,,,,,,0.02
1445,2025.06.13 08:00:00,390043550,US30,sell,196196,196196,196196,196196,196196,196196,196196,196196,0.02
1446,2025.06.18 08:00:00,391977485,BTCUSD,buy,186080,186080,186080,186080,186080,186080,186080,186080,0.02
1447,2025.06.22 01:00:00,393591948,BTCUSD,buy,183131,183131,183131,183131,183131,183131,183131,183131,0.02
1448,2025.06.23 02:00:01,393698115,US30,sell,196231,196231,196231,196231,196231,196231,196231,196231,0.02
1449,2025.06.25 23:02:43,395561825,NAS100,buy,,,,,,,,,0.02
1450,2025.06.26 08:00:00,395674099,BTCUSD,buy,183026,183026,183026,183026,183026,183026,183026,183026,0.02
1451,2025.07.02 12:00:00,398223716,BTCUSD,buy,183031,183031,183031,183031,183031,183031,183031,183031,0.02
1452,2025.07.02 19:00:00,398526961,BTCUSD,buy,183098,183098,183098,183098,183098,183098,183098,183098,0.02
1453,2025.07.11 12:00:00,402237446,BTCUSD,buy,186000,186000,186000,186000,186000,186000,186000,186000,0.02
1454,2025.07.11 12:00:07,402237683,SP500,buy,195066,195066,195066,195066,195066,195066,195066,195066,0.1
1455,2025.07.14 11:00:00,402833527,BTCUSD,buy,183009,183009,183009,183009,183009,183009,183009,183009,0.03
1456,2025.07.14 12:00:00,402863230,BTCUSD,buy,183110,183110,183110,183110,183110,183110,183110,183110,0.03
1457,2025.07.14 12:00:00,402863240,BTCUSD,buy,186073,186073,186073,186073,186073,186073,186073,186073,0.02
1458,2025.07.14 16:00:00,402992826,BTCUSD,buy,186010,186010,186010,186010,186010,186010,186010,186010,0.02
1459,2025.07.20 12:00:00,405748800,BTCUSD,buy,186081,186081,186081,186081,186081,186081,186081,186081,0.02
1460,2025.07.25 12:00:00,408353803,BTCUSD,buy,186076,186076,186076,186076,186076,186076,186076,186076,0.03
1461,2025.07.28 23:00:00,409269022,SP500,buy,208006,208006,208006,208006,208006,208006,208006,208006,0.02
1462,2025.07.31 20:00:01,410932484,SP500,buy,208006,208006,208006,208006,208006,208006,208006,208006,0.25
1463,2025.08.04 08:00:03,411682907,SP500,sell,208051,208051,208051,208051,208051,208051,208051,208051,0.25
1464,2025.08.05 19:00:00,412667726,SP500,buy,208030,208030,208030,208030,208030,208030,208030,208030,0.25
1465,2025.08.06 19:00:00,413254649,SP500,sell,208012,208012,208012,208012,208012,208012,208012,208012,0.25
1466,2025.08.08 01:05:04,413948398,SP500,buy,208006,208006,208006,208006,208006,208006,208006,208006,0.25
1467,2025.08.09 13:00:00,414506052,BTCUSD,buy,183010,183010,183010,183010,183010,183010,183010,183010,0.02
1468,2025.08.09 13:00:00,414506053,BTCUSD,buy,183013,183013,183013,183013,183013,183013,183013,183013,0.02
1469,2025.08.24 12:00:00,420360514,BTCUSD,buy,186081,186081,186081,186081,186081,186081,186081,186081,0.01
1470,2025.08.25 07:00:00,420467604,SP500,sell,208021,208021,208021,208021,208021,208021,208021,208021,0.25
1471,2025.08.27 02:00:13,421459173,SP500,buy,208021,208021,208021,208021,208021,208021,208021,208021,0.25
1472,2025.08.27 02:00:13,421459174,SP500,buy,208052,208052,208052,208052,208052,208052,208052,208052,0.25
1473,2025.08.29 16:00:00,422847583,SP500,sell,208030,208030,208030,208030,208030,208030,208030,208030,0.25
1474,2025.08.29 20:00:00,423020667,SP500,buy,208016,208016,208016,208016,208016,208016,208016,208016,0.25
1475,2025.09.03 20:00:00,424727829,SP500,sell,208006,208006,208006,208006,208006,208006,208006,208006,0.25
1476,2025.09.03 23:00:00,424775851,SP500,buy,208006,208006,208006,208006,208006,208006,208006,208006,0.25
1477,2025.09.08 02:00:00,426058170,SP500,sell,208030,208030,208030,208030,208030,208030,208030,208030,0.25
1478,2025.09.11 04:00:00,427918500,SP500,sell,208051,208051,208051,208051,208051,208051,208051,208051,0.25
1479,2025.09.15 19:00:00,429553381,SP500,buy,208064,208064,208064,208064,208064,208064,208064,208064,0.25
1480,2025.09.19 11:00:00,431647740,SP500,sell,208021,208021,208021,208021,208021,208021,208021,208021,0.25
1481,2025.09.23 22:00:01,433268478,SP500,sell,208048,208048,208048,208048,208048,208048,208048,208048,0.25
1482,2025.09.25 02:00:00,433929678,SP500,buy,208014,208014,208014,208014,208014,208014,208014,208014,0.25
1483,2025.09.25 07:01:03,434006836,SP500,buy,208048,208048,208048,208048,208048,208048,208048,208048,0.25
1484,2025.09.26 19:00:00,435038524,SP500,buy,208030,208030,208030,208030,208030,208030,208030,208030,0.25
1485,2025.09.30 23:00:00,436389502,SP500,buy,208008,208008,208008,208008,208008,208008,208008,208008,0.25
1486,2025.10.09 06:00:02,440238665,SP500,buy,208042,208042,208042,208042,208042,208042,208042,208042,0.25
1487,2025.10.13 12:00:00,441845500,SP500,sell,208051,208051,208051,208051,208051,208051,208051,208051,0.3
1488,2025.10.15 09:00:00,443047125,SP500,buy,208021,208021,208021,208021,208021,208021,208021,208021,0.3
1489,2025.10.15 11:00:00,443119262,SP500,buy,208048,208048,208048,208048,208048,208048,208048,208048,0.3
1490,2025.10.15 23:00:00,443558718,SP500,sell,208016,208016,208016,208016,208016,208016,208016,208016,0.3
1491,2025.10.20 06:00:04,445158369,SP500,sell,208027,208027,208027,208027,208027,208027,208027,208027,0.3
1492,2025.10.20 15:00:00,445422598,SP500,sell,208021,208021,208021,208021,208021,208021,208021,208021,0.3
1493,2025.10.27 06:00:00,448538821,US30,buy,237136,237136,237136,237136,237136,237136,237136,237136,0.03
1494,2025.10.28 17:00:00,449622559,US30,buy,237142,237142,237142,237142,237142,237142,237142,237142,0.02
1495,2025.10.28 23:03:01,449790029,NAS100,buy,Indices Tester,Indices Tester,Indices Tester,Indices Tester,Indices Tester,Indices Tester,Indices Tester,Indices Tester,0.01
1496,2025.10.29 20:00:00,450367477,US30,buy,237125,237125,237125,237125,237125,237125,237125,237125,0.02
1497,2025.10.29 23:45:01,450481527,DAX40,buy,Indices Tester,Indices Tester,Indices Tester,Indices Tester,Indices Tester,Indices Tester,Indices Tester,Indices Tester,0.01
1498,2025.10.30 02:00:03,450496669,SP500,buy,208030,208030,208030,208030,208030,208030,208030,208030,0.3
1499,2025.10.30 04:00:00,450530694,US30,buy,237106,237106,237106,237106,237106,237106,237106,237106,0.02
1500,2025.10.30 08:00:00,450634620,US30,buy,237095,237095,237095,237095,237095,237095,237095,237095,0.02
1501,2025.10.30 12:00:01,450758015,US30,buy,237147,237147,237147,237147,237147,237147,237147,237147,0.02
1502,2025.10.30 13:00:00,450799878,US30,buy,237143,237143,237143,237143,237143,237143,237143,237143,0.02
1503,2025.10.30 17:00:00,450963846,US30,buy,237090,237090,237090,237090,237090,237090,237090,237090,0.02
1504,2025.10.30 19:00:00,451047202,US30,buy,237093,237093,237093,237093,237093,237093,237093,237093,0.02
1505,2025.10.30 23:00:00,451115562,US30,buy,237144,237144,237144,237144,237144,237144,237144,237144,0.02
1506,2025.10.30 23:45:01,451122505,DAX40,buy,Indices Tester,Indices Tester,Indices Tester,Indices Tester,Indices Tester,Indices Tester,Indices Tester,Indices Tester,0.01
1507,2025.10.31 02:00:01,451137595,SP500,buy,208027,208027,208027,208027,208027,208027,208027,208027,0.3
1508,2025.10.31 08:00:00,451254546,US30,buy,237145,237145,237145,237145,237145,237145,237145,237145,0.02
1509,2025.10.31 15:00:00,451458727,US30,buy,237129,237129,237129,237129,237129,237129,237129,237129,0.02
1510,2025.10.31 20:00:00,451675773,US30,buy,237141,237141,237141,237141,237141,237141,237141,237141,0.02
1511,2025.10.31 23:45:01,451726092,DAX40,buy,Indices Tester,Indices Tester,Indices Tester,Indices Tester,Indices Tester,Indices Tester,Indices Tester,Indices Tester,0.01
1512,2025.11.03 01:08:01,451798412,JPN225,buy,Indices Tester,Indices Tester,Indices Tester,Indices Tester,Indices Tester,Indices Tester,Indices Tester,Indices Tester,0.01
1513,2025.11.04 01:06:01,452465659,JPN225,buy,Indices Tester,Indices Tester,Indices Tester,Indices Tester,Indices Tester,Indices Tester,Indices Tester,Indices Tester,0.01
1514,2025.11.04 01:06:01,452465663,DAX40,buy,Indices Tester,Indices Tester,Indices Tester,Indices Tester,Indices Tester,Indices Tester,Indices Tester,Indices Tester,0.01
1515,2025.11.05 01:06:01,453188569,JPN225,buy,Indices Tester,Indices Tester,Indices Tester,Indices Tester,Indices Tester,Indices Tester,Indices Tester,Indices Tester,0.01
1516,2025.11.05 01:06:02,453188570,DAX40,buy,Indices Tester,Indices Tester,Indices Tester,Indices Tester,Indices Tester,Indices Tester,Indices Tester,Indices Tester,0.01
1517,2025.11.05 18:00:00,453758920,SP500,buy,208027,208027,208027,208027,208027,208027,208027,208027,0.3
1518,2025.11.06 01:05:02,453853365,SP500,sell,208006,208006,208006,208006,208006,208006,208006,208006,0.3
1519,2025.11.06 01:06:01,453853890,JPN225,buy,Indices Tester,Indices Tester,Indices Tester,Indices Tester,Indices Tester,Indices Tester,Indices Tester,Indices Tester,0.01
1520,2025.11.06 01:06:01,453853891,DAX40,buy,Indices Tester,Indices Tester,Indices Tester,Indices Tester,Indices Tester,Indices Tester,Indices Tester,Indices Tester,0.01
1521,2025.11.06 12:00:00,454111497,SP500,buy,208006,208006,208006,208006,208006,208006,208006,208006,0.3
1522,2025.11.07 01:06:01,454539891,JPN225,buy,Indices Tester,Indices Tester,Indices Tester,Indices Tester,Indices Tester,Indices Tester,Indices Tester,Indices Tester,0.01
1523,2025.11.07 01:06:01,454539892,DAX40,buy,Indices Tester,Indices Tester,Indices Tester,Indices Tester,Indices Tester,Indices Tester,Indices Tester,Indices Tester,0.01
1524,2025.11.10 01:06:01,455331885,DAX40,buy,Indices Tester,Indices Tester,Indices Tester,Indices Tester,Indices Tester,Indices Tester,Indices Tester,Indices Tester,0.01
1525,2025.11.10 01:06:01,455331900,JPN225,buy,Indices Tester,Indices Tester,Indices Tester,Indices Tester,Indices Tester,Indices Tester,Indices Tester,Indices Tester,0.01
1526,2025.11.11 01:06:01,455978176,JPN225,buy,Indices Tester,Indices Tester,Indices Tester,Indices Tester,Indices Tester,Indices Tester,Indices Tester,Indices Tester,0.01
1527,2025.11.11 01:06:01,455978177,DAX40,buy,Indices Tester,Indices Tester,Indices Tester,Indices Tester,Indices Tester,Indices Tester,Indices Tester,Indices Tester,0.01
1528,2025.11.12 01:06:01,456664990,JPN225,buy,Indices Tester,Indices Tester,Indices Tester,Indices Tester,Indices Tester,Indices Tester,Indices Tester,Indices Tester,0.01
1529,2025.11.12 01:06:01,456664992,DAX40,buy,Indices Tester,Indices Tester,Indices Tester,Indices Tester,Indices Tester,Indices Tester,Indices Tester,Indices Tester,0.01
1530,2025.11.13 01:06:01,457387150,DAX40,buy,Indices Tester,Indices Tester,Indices Tester,Indices Tester,Indices Tester,Indices Tester,Indices Tester,Indices Tester,0.05
1531,2025.11.13 01:06:01,457387151,JPN225,buy,Indices Tester,Indices Tester,Indices Tester,Indices Tester,Indices Tester,Indices Tester,Indices Tester,Indices Tester,0.05
1532,2025.11.14 01:06:01,458113836,DAX40,buy,Indices Tester,Indices Tester,Indices Tester,Indices Tester,Indices Tester,Indices Tester,Indices Tester,Indices Tester,0.05
1533,2025.11.14 01:06:01,458113838,JPN225,buy,Indices Tester,Indices Tester,Indices Tester,Indices Tester,Indices Tester,Indices Tester,Indices Tester,Indices Tester,0.05
1534,2025.11.17 01:06:01,458906168,DAX40,buy,Indices Tester,Indices Tester,Indices Tester,Indices Tester,Indices Tester,Indices Tester,Indices Tester,Indices Tester,0.05
1535,2025.11.17 01:06:01,458906169,JPN225,buy,Indices Tester,Indices Tester,Indices Tester,Indices Tester,Indices Tester,Indices Tester,Indices Tester,Indices Tester,0.1
1536,2025.11.18 01:06:01,459604673,DAX40,buy,Indices Tester,Indices Tester,Indices Tester,Indices Tester,Indices Tester,Indices Tester,Indices Tester,Indices Tester,0.05
1537,2025.11.18 01:06:01,459604674,JPN225,buy,Indices Tester,Indices Tester,Indices Tester,Indices Tester,Indices Tester,Indices Tester,Indices Tester,Indices Tester,0.1
1538,2025.11.19 01:06:01,460346962,DAX40,buy,Indices Tester,Indices Tester,Indices Tester,Indices Tester,Indices Tester,Indices Tester,Indices Tester,Indices Tester,0.05
1539,2025.11.19 01:06:01,460346963,JPN225,buy,Indices Tester,Indices Tester,Indices Tester,Indices Tester,Indices Tester,Indices Tester,Indices Tester,Indices Tester,0.1
1540,2025.11.20 18:35:02,461688124,DAX40,buy,Indices Tester,Indices Tester,Indices Tester,Indices Tester,Indices Tester,Indices Tester,Indices Tester,Indices Tester,0.03
1541,2025.11.21 13:35:01,462146565,JPN225,buy,Indices Tester,Indices Tester,Indices Tester,Indices Tester,Indices Tester,Indices Tester,Indices Tester,Indices Tester,0.05
1542,2025.11.21 13:35:03,462146586,JPN225,buy,Indices Tester,Indices Tester,Indices Tester,Indices Tester,Indices Tester,Indices Tester,Indices Tester,Indices Tester,0.05
1543,2025.11.21 13:35:05,462146600,JPN225,buy,Indices Tester,Indices Tester,Indices Tester,Indices Tester,Indices Tester,Indices Tester,Indices Tester,Indices Tester,0.05
1544,2025.11.21 13:35:07,462146608,JPN225,buy,Indices Tester,Indices Tester,Indices Tester,Indices Tester,Indices Tester,Indices Tester,Indices Tester,Indices Tester,0.05
1545,2025.11.21 13:35:09,462146615,JPN225,buy,Indices Tester,Indices Tester,Indices Tester,Indices Tester,Indices Tester,Indices Tester,Indices Tester,Indices Tester,0.05
1546,2025.11.21 13:35:11,462146626,JPN225,buy,Indices Tester,Indices Tester,Indices Tester,Indices Tester,Indices Tester,Indices Tester,Indices Tester,Indices Tester,0.05
1547,2025.11.21 13:35:13,462146653,JPN225,buy,Indices Tester,Indices Tester,Indices Tester,Indices Tester,Indices Tester,Indices Tester,Indices Tester,Indices Tester,0.05
1548,2025.11.21 13:35:15,462146664,JPN225,buy,Indices Tester,Indices Tester,Indices Tester,Indices Tester,Indices Tester,Indices Tester,Indices Tester,Indices Tester,0.05
1549,2025.11.21 13:35:17,462146670,JPN225,buy,Indices Tester,Indices Tester,Indices Tester,Indices Tester,Indices Tester,Indices Tester,Indices Tester,Indices Tester,0.05
1550,2025.11.21 13:35:19,462146676,JPN225,buy,Indices Tester,Indices Tester,Indices Tester,Indices Tester,Indices Tester,Indices Tester,Indices Tester,Indices Tester,0.05
1551,2025.11.21 13:35:21,462146689,JPN225,buy,Indices Tester,Indices Tester,Indices Tester,Indices Tester,Indices Tester,Indices Tester,Indices Tester,Indices Tester,0.05
1552,2025.11.21 13:35:23,462146698,JPN225,buy,Indices Tester,Indices Tester,Indices Tester,Indices Tester,Indices Tester,Indices Tester,Indices Tester,Indices Tester,0.05
1553,2025.11.21 13:35:25,462146707,JPN225,buy,Indices Tester,Indices Tester,Indices Tester,Indices Tester,Indices Tester,Indices Tester,Indices Tester,Indices Tester,0.05
1554,2025.11.21 13:35:27,462146721,JPN225,buy,Indices Tester,Indices Tester,Indices Tester,Indices Tester,Indices Tester,Indices Tester,Indices Tester,Indices Tester,0.05
1555,2025.11.21 13:35:29,462146729,JPN225,buy,Indices Tester,Indices Tester,Indices Tester,Indices Tester,Indices Tester,Indices Tester,Indices Tester,Indices Tester,0.05
1556,2025.11.21 13:35:31,462146740,JPN225,buy,Indices Tester,Indices Tester,Indices Tester,Indices Tester,Indices Tester,Indices Tester,Indices Tester,Indices Tester,0.05
1557,2025.11.21 13:35:33,462146750,JPN225,buy,Indices Tester,Indices Tester,Indices Tester,Indices Tester,Indices Tester,Indices Tester,Indices Tester,Indices Tester,0.05
1558,2025.11.21 13:35:35,462146770,JPN225,buy,Indices Tester,Indices Tester,Indices Tester,Indices Tester,Indices Tester,Indices Tester,Indices Tester,Indices Tester,0.05
1559,2025.11.21 13:35:37,462146786,JPN225,buy,Indices Tester,Indices Tester,Indices Tester,Indices Tester,Indices Tester,Indices Tester,Indices Tester,Indices Tester,0.05
1560,2025.11.21 13:35:39,462146798,JPN225,buy,Indices Tester,Indices Tester,Indices Tester,Indices Tester,Indices Tester,Indices Tester,Indices Tester,Indices Tester,0.05
1561,2025.11.21 13:35:41,462146812,JPN225,buy,Indices Tester,Indices Tester,Indices Tester,Indices Tester,Indices Tester,Indices Tester,Indices Tester,Indices Tester,0.05
1562,2025.11.21 13:35:43,462146822,JPN225,buy,Indices Tester,Indices Tester,Indices Tester,Indices Tester,Indices Tester,Indices Tester,Indices Tester,Indices Tester,0.05
1563,2025.11.21 13:35:45,462146834,JPN225,buy,Indices Tester,Indices Tester,Indices Tester,Indices Tester,Indices Tester,Indices Tester,Indices Tester,Indices Tester,0.05
1564,2025.11.21 13:35:47,462146842,JPN225,buy,Indices Tester,Indices Tester,Indices Tester,Indices Tester,Indices Tester,Indices Tester,Indices Tester,Indices Tester,0.05
1565,2025.11.21 13:35:49,462146854,JPN225,buy,Indices Tester,Indices Tester,Indices Tester,Indices Tester,Indices Tester,Indices Tester,Indices Tester,Indices Tester,0.05
1566,2025.11.21 13:35:51,462146866,JPN225,buy,Indices Tester,Indices Tester,Indices Tester,Indices Tester,Indices Tester,Indices Tester,Indices Tester,Indices Tester,0.05
1567,2025.11.21 13:35:53,462146877,JPN225,buy,Indices Tester,Indices Tester,Indices Tester,Indices Tester,Indices Tester,Indices Tester,Indices Tester,Indices Tester,0.05
1568,2025.11.21 13:35:55,462146892,JPN225,buy,Indices Tester,Indices Tester,Indices Tester,Indices Tester,Indices Tester,Indices Tester,Indices Tester,Indices Tester,0.05
1569,2025.11.21 13:35:57,462146902,JPN225,buy,Indices Tester,Indices Tester,Indices Tester,Indices Tester,Indices Tester,Indices Tester,Indices Tester,Indices Tester,0.05
1570,2025.11.21 13:35:59,462146913,JPN225,buy,Indices Tester,Indices Tester,Indices Tester,Indices Tester,Indices Tester,Indices Tester,Indices Tester,Indices Tester,0.05
1571,2025.11.21 13:36:01,462146931,JPN225,buy,Indices Tester,Indices Tester,Indices Tester,Indices Tester,Indices Tester,Indices Tester,Indices Tester,Indices Tester,0.05
1572,2025.11.21 13:36:03,462146941,JPN225,buy,Indices Tester,Indices Tester,Indices Tester,Indices Tester,Indices Tester,Indices Tester,Indices Tester,Indices Tester,0.05
1573,2025.11.21 13:36:05,462146949,JPN225,buy,Indices Tester,Indices Tester,Indices Tester,Indices Tester,Indices Tester,Indices Tester,Indices Tester,Indices Tester,0.05
1574,2025.11.21 13:36:07,462146961,JPN225,buy,Indices Tester,Indices Tester,Indices Tester,Indices Tester,Indices Tester,Indices Tester,Indices Tester,Indices Tester,0.05
1575,2025.11.21 13:36:09,462146974,JPN225,buy,Indices Tester,Indices Tester,Indices Tester,Indices Tester,Indices Tester,Indices Tester,Indices Tester,Indices Tester,0.05
1576,2025.11.21 13:36:11,462146986,JPN225,buy,Indices Tester,Indices Tester,Indices Tester,Indices Tester,Indices Tester,Indices Tester,Indices Tester,Indices Tester,0.05
1577,2025.11.21 13:36:13,462146996,JPN225,buy,Indices Tester,Indices Tester,Indices Tester,Indices Tester,Indices Tester,Indices Tester,Indices Tester,Indices Tester,0.05
1578,2025.11.21 13:36:15,462147006,JPN225,buy,Indices Tester,Indices Tester,Indices Tester,Indices Tester,Indices Tester,Indices Tester,Indices Tester,Indices Tester,0.05
1579,2025.11.21 13:36:17,462147013,JPN225,buy,Indices Tester,Indices Tester,Indices Tester,Indices Tester,Indices Tester,Indices Tester,Indices Tester,Indices Tester,0.05
1580,2025.11.21 13:36:19,462147024,JPN225,buy,Indices Tester,Indices Tester,Indices Tester,Indices Tester,Indices Tester,Indices Tester,Indices Tester,Indices Tester,0.05
1581,2025.11.21 13:36:21,462147037,JPN225,buy,Indices Tester,Indices Tester,Indices Tester,Indices Tester,Indices Tester,Indices Tester,Indices Tester,Indices Tester,0.05
1582,2025.11.21 13:36:23,462147048,JPN225,buy,Indices Tester,Indices Tester,Indices Tester,Indices Tester,Indices Tester,Indices Tester,Indices Tester,Indices Tester,0.05
1583,2025.11.21 13:36:25,462147060,JPN225,buy,Indices Tester,Indices Tester,Indices Tester,Indices Tester,Indices Tester,Indices Tester,Indices Tester,Indices Tester,0.05
1584,2025.11.21 13:36:27,462147076,JPN225,buy,Indices Tester,Indices Tester,Indices Tester,Indices Tester,Indices Tester,Indices Tester,Indices Tester,Indices Tester,0.05
1585,2025.11.21 13:36:29,462147087,JPN225,buy,Indices Tester,Indices Tester,Indices Tester,Indices Tester,Indices Tester,Indices Tester,Indices Tester,Indices Tester,0.05
1586,2025.11.21 13:36:31,462147106,JPN225,buy,Indices Tester,Indices Tester,Indices Tester,Indices Tester,Indices Tester,Indices Tester,Indices Tester,Indices Tester,0.05
1587,2025.11.21 13:36:33,462147119,JPN225,buy,Indices Tester,Indices Tester,Indices Tester,Indices Tester,Indices Tester,Indices Tester,Indices Tester,Indices Tester,0.05
1588,2025.11.21 13:36:35,462147130,JPN225,buy,Indices Tester,Indices Tester,Indices Tester,Indices Tester,Indices Tester,Indices Tester,Indices Tester,Indices Tester,0.05
1589,2025.11.21 13:36:37,462147139,JPN225,buy,Indices Tester,Indices Tester,Indices Tester,Indices Tester,Indices Tester,Indices Tester,Indices Tester,Indices Tester,0.05
1590,2025.11.21 13:36:39,462147154,JPN225,buy,Indices Tester,Indices Tester,Indices Tester,Indices Tester,Indices Tester,Indices Tester,Indices Tester,Indices Tester,0.05
1591,2025.11.21 13:36:41,462147163,JPN225,buy,Indices Tester,Indices Tester,Indices Tester,Indices Tester,Indices Tester,Indices Tester,Indices Tester,Indices Tester,0.05
1592,2025.11.21 13:36:43,462147169,JPN225,buy,Indices Tester,Indices Tester,Indices Tester,Indices Tester,Indices Tester,Indices Tester,Indices Tester,Indices Tester,0.05
1593,2025.11.21 13:36:45,462147184,JPN225,buy,Indices Tester,Indices Tester,Indices Tester,Indices Tester,Indices Tester,Indices Tester,Indices Tester,Indices Tester,0.05
1594,2025.11.21 13:36:47,462147195,JPN225,buy,Indices Tester,Indices Tester,Indices Tester,Indices Tester,Indices Tester,Indices Tester,Indices Tester,Indices Tester,0.05
1595,2025.11.21 13:36:49,462147203,JPN225,buy,Indices Tester,Indices Tester,Indices Tester,Indices Tester,Indices Tester,Indices Tester,Indices Tester,Indices Tester,0.05
1596,2025.11.21 13:36:51,462147208,JPN225,buy,Indices Tester,Indices Tester,Indices Tester,Indices Tester,Indices Tester,Indices Tester,Indices Tester,Indices Tester,0.05
1597,2025.11.21 13:36:53,462147213,JPN225,buy,Indices Tester,Indices Tester,Indices Tester,Indices Tester,Indices Tester,Indices Tester,Indices Tester,Indices Tester,0.05
1598,2025.11.21 13:36:55,462147225,JPN225,buy,Indices Tester,Indices Tester,Indices Tester,Indices Tester,Indices Tester,Indices Tester,Indices Tester,Indices Tester,0.05
1599,2025.11.21 13:36:57,462147236,JPN225,buy,Indices Tester,Indices Tester,Indices Tester,Indices Tester,Indices Tester,Indices Tester,Indices Tester,Indices Tester,0.05
1600,2025.11.21 13:36:59,462147242,JPN225,buy,Indices Tester,Indices Tester,Indices Tester,Indices Tester,Indices Tester,Indices Tester,Indices Tester,Indices Tester,0.05
1601,2025.11.21 13:37:01,462147265,JPN225,buy,Indices Tester,Indices Tester,Indices Tester,Indices Tester,Indices Tester,Indices Tester,Indices Tester,Indices Tester,0.05
1602,2025.11.21 13:37:03,462147285,JPN225,buy,Indices Tester,Indices Tester,Indices Tester,Indices Tester,Indices Tester,Indices Tester,Indices Tester,Indices Tester,0.05
1603,2025.11.21 13:37:05,462147300,JPN225,buy,Indices Tester,Indices Tester,Indices Tester,Indices Tester,Indices Tester,Indices Tester,Indices Tester,Indices Tester,0.05
1604,2025.11.21 13:37:07,462147309,JPN225,buy,Indices Tester,Indices Tester,Indices Tester,Indices Tester,Indices Tester,Indices Tester,Indices Tester,Indices Tester,0.05
1605,2025.11.21 18:35:01,462374786,DAX40,buy,Indices Tester,Indices Tester,Indices Tester,Indices Tester,Indices Tester,Indices Tester,Indices Tester,Indices Tester,0.03
1606,2025.11.24 13:35:01,462901069,JPN225,buy,Indices Tester,Indices Tester,Indices Tester,Indices Tester,Indices Tester,Indices Tester,Indices Tester,Indices Tester,0.05
1607,2025.11.24 13:35:03,462901106,JPN225,buy,Indices Tester,Indices Tester,Indices Tester,Indices Tester,Indices Tester,Indices Tester,Indices Tester,Indices Tester,0.05
1608,2025.11.24 13:35:05,462901124,JPN225,buy,Indices Tester,Indices Tester,Indices Tester,Indices Tester,Indices Tester,Indices Tester,Indices Tester,Indices Tester,0.05
1609,2025.11.24 13:35:07,462901145,JPN225,buy,Indices Tester,Indices Tester,Indices Tester,Indices Tester,Indices Tester,Indices Tester,Indices Tester,Indices Tester,0.05
1610,2025.11.24 13:35:09,462901157,JPN225,buy,Indices Tester,Indices Tester,Indices Tester,Indices Tester,Indices Tester,Indices Tester,Indices Tester,Indices Tester,0.05
1611,2025.11.24 13:35:11,462901175,JPN225,buy,Indices Tester,Indices Tester,Indices Tester,Indices Tester,Indices Tester,Indices Tester,Indices Tester,Indices Tester,0.05
1612,2025.11.24 13:35:13,462901196,JPN225,buy,Indices Tester,Indices Tester,Indices Tester,Indices Tester,Indices Tester,Indices Tester,Indices Tester,Indices Tester,0.05
1613,2025.11.24 18:35:01,463131386,DAX40,buy,Indices Tester,Indices Tester,Indices Tester,Indices Tester,Indices Tester,Indices Tester,Indices Tester,Indices Tester,0.03
1614,2025.11.25 13:35:01,463600647,JPN225,buy,Indices Tester,Indices Tester,Indices Tester,Indices Tester,Indices Tester,Indices Tester,Indices Tester,Indices Tester,0.05
1615,2025.11.25 13:35:03,463600677,JPN225,buy,Indices Tester,Indices Tester,Indices Tester,Indices Tester,Indices Tester,Indices Tester,Indices Tester,Indices Tester,0.05
1616,2025.11.25 13:35:05,463600694,JPN225,buy,Indices Tester,Indices Tester,Indices Tester,Indices Tester,Indices Tester,Indices Tester,Indices Tester,Indices Tester,0.05
1617,2025.11.25 13:35:07,463600714,JPN225,buy,Indices Tester,Indices Tester,Indices Tester,Indices Tester,Indices Tester,Indices Tester,Indices Tester,Indices Tester,0.05
1618,2025.11.25 13:35:09,463600722,JPN225,buy,Indices Tester,Indices Tester,Indices Tester,Indices Tester,Indices Tester,Indices Tester,Indices Tester,Indices Tester,0.05
1619,2025.11.25 13:35:11,463600742,JPN225,buy,Indices Tester,Indices Tester,Indices Tester,Indices Tester,Indices Tester,Indices Tester,Indices Tester,Indices Tester,0.05
1620,2025.11.25 13:35:13,463600763,JPN225,buy,Indices Tester,Indices Tester,Indices Tester,Indices Tester,Indices Tester,Indices Tester,Indices Tester,Indices Tester,0.05
1621,2025.11.25 13:35:15,463600779,JPN225,buy,Indices Tester,Indices Tester,Indices Tester,Indices Tester,Indices Tester,Indices Tester,Indices Tester,Indices Tester,0.05
1622,2025.11.25 13:35:17,463600791,JPN225,buy,Indices Tester,Indices Tester,Indices Tester,Indices Tester,Indices Tester,Indices Tester,Indices Tester,Indices Tester,0.05
1623,2025.11.25 13:35:19,463600799,JPN225,buy,Indices Tester,Indices Tester,Indices Tester,Indices Tester,Indices Tester,Indices Tester,Indices Tester,Indices Tester,0.05
1624,2025.11.25 13:35:21,463600810,JPN225,buy,Indices Tester,Indices Tester,Indices Tester,Indices Tester,Indices Tester,Indices Tester,Indices Tester,Indices Tester,0.05
1625,2025.11.25 13:35:23,463600820,JPN225,buy,Indices Tester,Indices Tester,Indices Tester,Indices Tester,Indices Tester,Indices Tester,Indices Tester,Indices Tester,0.05
1626,2025.11.25 13:35:25,463600861,JPN225,buy,Indices Tester,Indices Tester,Indices Tester,Indices Tester,Indices Tester,Indices Tester,Indices Tester,Indices Tester,0.05
1627,2025.11.25 13:35:27,463600878,JPN225,buy,Indices Tester,Indices Tester,Indices Tester,Indices Tester,Indices Tester,Indices Tester,Indices Tester,Indices Tester,0.05
1628,2025.11.25 13:35:29,463600896,JPN225,buy,Indices Tester,Indices Tester,Indices Tester,Indices Tester,Indices Tester,Indices Tester,Indices Tester,Indices Tester,0.05
1629,2025.11.25 13:35:31,463600903,JPN225,buy,Indices Tester,Indices Tester,Indices Tester,Indices Tester,Indices Tester,Indices Tester,Indices Tester,Indices Tester,0.05
1630,2025.11.25 13:35:33,463600919,JPN225,buy,Indices Tester,Indices Tester,Indices Tester,Indices Tester,Indices Tester,Indices Tester,Indices Tester,Indices Tester,0.05
1631,2025.11.25 13:35:35,463600930,JPN225,buy,Indices Tester,Indices Tester,Indices Tester,Indices Tester,Indices Tester,Indices Tester,Indices Tester,Indices Tester,0.05
1632,2025.11.25 13:35:37,463600939,JPN225,buy,Indices Tester,Indices Tester,Indices Tester,Indices Tester,Indices Tester,Indices Tester,Indices Tester,Indices Tester,0.05
1633,2025.11.25 13:35:39,463600947,JPN225,buy,Indices Tester,Indices Tester,Indices Tester,Indices Tester,Indices Tester,Indices Tester,Indices Tester,Indices Tester,0.05
1634,2025.11.25 13:35:41,463600956,JPN225,buy,Indices Tester,Indices Tester,Indices Tester,Indices Tester,Indices Tester,Indices Tester,Indices Tester,Indices Tester,0.05
1635,2025.11.25 13:35:43,463600966,JPN225,buy,Indices Tester,Indices Tester,Indices Tester,Indices Tester,Indices Tester,Indices Tester,Indices Tester,Indices Tester,0.05
1636,2025.11.25 13:35:45,463600977,JPN225,buy,Indices Tester,Indices Tester,Indices Tester,Indices Tester,Indices Tester,Indices Tester,Indices Tester,Indices Tester,0.05
1637,2025.11.25 13:35:47,463600986,JPN225,buy,Indices Tester,Indices Tester,Indices Tester,Indices Tester,Indices Tester,Indices Tester,Indices Tester,Indices Tester,0.05
1638,2025.11.25 13:35:49,463600999,JPN225,buy,Indices Tester,Indices Tester,Indices Tester,Indices Tester,Indices Tester,Indices Tester,Indices Tester,Indices Tester,0.05
1639,2025.11.25 13:35:51,463601025,JPN225,buy,Indices Tester,Indices Tester,Indices Tester,Indices Tester,Indices Tester,Indices Tester,Indices Tester,Indices Tester,0.05
1640,2025.11.25 13:35:53,463601057,JPN225,buy,Indices Tester,Indices Tester,Indices Tester,Indices Tester,Indices Tester,Indices Tester,Indices Tester,Indices Tester,0.05
1641,2025.11.25 13:35:55,463601064,JPN225,buy,Indices Tester,Indices Tester,Indices Tester,Indices Tester,Indices Tester,Indices Tester,Indices Tester,Indices Tester,0.05
1642,2025.11.25 13:35:57,463601074,JPN225,buy,Indices Tester,Indices Tester,Indices Tester,Indices Tester,Indices Tester,Indices Tester,Indices Tester,Indices Tester,0.05
1643,2025.11.25 13:35:59,463601090,JPN225,buy,Indices Tester,Indices Tester,Indices Tester,Indices Tester,Indices Tester,Indices Tester,Indices Tester,Indices Tester,0.05
1644,2025.11.25 13:36:01,463601101,JPN225,buy,Indices Tester,Indices Tester,Indices Tester,Indices Tester,Indices Tester,Indices Tester,Indices Tester,Indices Tester,0.05
1645,2025.11.25 13:36:03,463601113,JPN225,buy,Indices Tester,Indices Tester,Indices Tester,Indices Tester,Indices Tester,Indices Tester,Indices Tester,Indices Tester,0.05
1646,2025.11.25 13:36:05,463601121,JPN225,buy,Indices Tester,Indices Tester,Indices Tester,Indices Tester,Indices Tester,Indices Tester,Indices Tester,Indices Tester,0.05
1647,2025.11.25 13:36:07,463601132,JPN225,buy,Indices Tester,Indices Tester,Indices Tester,Indices Tester,Indices Tester,Indices Tester,Indices Tester,Indices Tester,0.05
1648,2025.11.25 13:36:09,463601149,JPN225,buy,Indices Tester,Indices Tester,Indices Tester,Indices Tester,Indices Tester,Indices Tester,Indices Tester,Indices Tester,0.05
1649,2025.11.25 13:36:11,463601191,JPN225,buy,Indices Tester,Indices Tester,Indices Tester,Indices Tester,Indices Tester,Indices Tester,Indices Tester,Indices Tester,0.05
1650,2025.11.25 13:36:13,463601214,JPN225,buy,Indices Tester,Indices Tester,Indices Tester,Indices Tester,Indices Tester,Indices Tester,Indices Tester,Indices Tester,0.05
1651,2025.11.25 13:36:15,463601226,JPN225,buy,Indices Tester,Indices Tester,Indices Tester,Indices Tester,Indices Tester,Indices Tester,Indices Tester,Indices Tester,0.05
1652,2025.11.25 13:36:17,463601240,JPN225,buy,Indices Tester,Indices Tester,Indices Tester,Indices Tester,Indices Tester,Indices Tester,Indices Tester,Indices Tester,0.05
1653,2025.11.25 13:36:19,463601253,JPN225,buy,Indices Tester,Indices Tester,Indices Tester,Indices Tester,Indices Tester,Indices Tester,Indices Tester,Indices Tester,0.05
1654,2025.11.25 13:36:21,463601262,JPN225,buy,Indices Tester,Indices Tester,Indices Tester,Indices Tester,Indices Tester,Indices Tester,Indices Tester,Indices Tester,0.05
1655,2025.11.25 13:36:23,463601271,JPN225,buy,Indices Tester,Indices Tester,Indices Tester,Indices Tester,Indices Tester,Indices Tester,Indices Tester,Indices Tester,0.05
1656,2025.11.25 13:36:25,463601303,JPN225,buy,Indices Tester,Indices Tester,Indices Tester,Indices Tester,Indices Tester,Indices Tester,Indices Tester,Indices Tester,0.05
1657,2025.11.25 13:36:27,463601319,JPN225,buy,Indices Tester,Indices Tester,Indices Tester,Indices Tester,Indices Tester,Indices Tester,Indices Tester,Indices Tester,0.05
1658,2025.11.25 13:36:29,463601329,JPN225,buy,Indices Tester,Indices Tester,Indices Tester,Indices Tester,Indices Tester,Indices Tester,Indices Tester,Indices Tester,0.05
1659,2025.11.25 13:36:31,463601345,JPN225,buy,Indices Tester,Indices Tester,Indices Tester,Indices Tester,Indices Tester,Indices Tester,Indices Tester,Indices Tester,0.05
1660,2025.11.25 13:36:33,463601352,JPN225,buy,Indices Tester,Indices Tester,Indices Tester,Indices Tester,Indices Tester,Indices Tester,Indices Tester,Indices Tester,0.05
1661,2025.11.25 13:36:35,463601367,JPN225,buy,Indices Tester,Indices Tester,Indices Tester,Indices Tester,Indices Tester,Indices Tester,Indices Tester,Indices Tester,0.05
1662,2025.11.25 13:36:37,463601380,JPN225,buy,Indices Tester,Indices Tester,Indices Tester,Indices Tester,Indices Tester,Indices Tester,Indices Tester,Indices Tester,0.05
1663,2025.11.25 13:36:39,463601392,JPN225,buy,Indices Tester,Indices Tester,Indices Tester,Indices Tester,Indices Tester,Indices Tester,Indices Tester,Indices Tester,0.05
1664,2025.11.25 13:36:41,463601401,JPN225,buy,Indices Tester,Indices Tester,Indices Tester,Indices Tester,Indices Tester,Indices Tester,Indices Tester,Indices Tester,0.05
1665,2025.11.25 13:36:43,463601412,JPN225,buy,Indices Tester,Indices Tester,Indices Tester,Indices Tester,Indices Tester,Indices Tester,Indices Tester,Indices Tester,0.05
1666,2025.11.25 13:36:45,463601427,JPN225,buy,Indices Tester,Indices Tester,Indices Tester,Indices Tester,Indices Tester,Indices Tester,Indices Tester,Indices Tester,0.05
1667,2025.11.25 13:36:47,463601437,JPN225,buy,Indices Tester,Indices Tester,Indices Tester,Indices Tester,Indices Tester,Indices Tester,Indices Tester,Indices Tester,0.05
1668,2025.11.25 13:36:49,463601449,JPN225,buy,Indices Tester,Indices Tester,Indices Tester,Indices Tester,Indices Tester,Indices Tester,Indices Tester,Indices Tester,0.05
1669,2025.11.25 13:36:51,463601454,JPN225,buy,Indices Tester,Indices Tester,Indices Tester,Indices Tester,Indices Tester,Indices Tester,Indices Tester,Indices Tester,0.05
1670,2025.11.25 13:36:53,463601475,JPN225,buy,Indices Tester,Indices Tester,Indices Tester,Indices Tester,Indices Tester,Indices Tester,Indices Tester,Indices Tester,0.05
1671,2025.11.25 13:36:55,463601490,JPN225,buy,Indices Tester,Indices Tester,Indices Tester,Indices Tester,Indices Tester,Indices Tester,Indices Tester,Indices Tester,0.05
1672,2025.11.25 13:36:57,463601499,JPN225,buy,Indices Tester,Indices Tester,Indices Tester,Indices Tester,Indices Tester,Indices Tester,Indices Tester,Indices Tester,0.05
1673,2025.11.25 13:36:59,463601508,JPN225,buy,Indices Tester,Indices Tester,Indices Tester,Indices Tester,Indices Tester,Indices Tester,Indices Tester,Indices Tester,0.05
1674,2025.11.25 13:37:01,463601516,JPN225,buy,Indices Tester,Indices Tester,Indices Tester,Indices Tester,Indices Tester,Indices Tester,Indices Tester,Indices Tester,0.05
1675,2025.11.25 13:37:03,463601528,JPN225,buy,Indices Tester,Indices Tester,Indices Tester,Indices Tester,Indices Tester,Indices Tester,Indices Tester,Indices Tester,0.05
1676,2025.11.25 13:37:05,463601563,JPN225,buy,Indices Tester,Indices Tester,Indices Tester,Indices Tester,Indices Tester,Indices Tester,Indices Tester,Indices Tester,0.05
1677,2025.11.25 13:37:07,463601577,JPN225,buy,Indices Tester,Indices Tester,Indices Tester,Indices Tester,Indices Tester,Indices Tester,Indices Tester,Indices Tester,0.05
1678,2025.11.25 13:37:09,463601587,JPN225,buy,Indices Tester,Indices Tester,Indices Tester,Indices Tester,Indices Tester,Indices Tester,Indices Tester,Indices Tester,0.05
1679,2025.11.25 13:37:11,463601595,JPN225,buy,Indices Tester,Indices Tester,Indices Tester,Indices Tester,Indices Tester,Indices Tester,Indices Tester,Indices Tester,0.05
1680,2025.11.25 13:37:13,463601605,JPN225,buy,Indices Tester,Indices Tester,Indices Tester,Indices Tester,Indices Tester,Indices Tester,Indices Tester,Indices Tester,0.05
1681,2025.11.25 13:37:15,463601618,JPN225,buy,Indices Tester,Indices Tester,Indices Tester,Indices Tester,Indices Tester,Indices Tester,Indices Tester,Indices Tester,0.05
1682,2025.11.25 13:37:17,463601623,JPN225,buy,Indices Tester,Indices Tester,Indices Tester,Indices Tester,Indices Tester,Indices Tester,Indices Tester,Indices Tester,0.05
1683,2025.11.25 13:37:19,463601632,JPN225,buy,Indices Tester,Indices Tester,Indices Tester,Indices Tester,Indices Tester,Indices Tester,Indices Tester,Indices Tester,0.05
1684,2025.11.25 13:37:21,463601643,JPN225,buy,Indices Tester,Indices Tester,Indices Tester,Indices Tester,Indices Tester,Indices Tester,Indices Tester,Indices Tester,0.05
1685,2025.11.25 13:37:23,463601652,JPN225,buy,Indices Tester,Indices Tester,Indices Tester,Indices Tester,Indices Tester,Indices Tester,Indices Tester,Indices Tester,0.05
1686,2025.11.25 13:37:25,463601669,JPN225,buy,Indices Tester,Indices Tester,Indices Tester,Indices Tester,Indices Tester,Indices Tester,Indices Tester,Indices Tester,0.05
1687,2025.11.25 13:37:27,463601679,JPN225,buy,Indices Tester,Indices Tester,Indices Tester,Indices Tester,Indices Tester,Indices Tester,Indices Tester,Indices Tester,0.05
1688,2025.11.25 13:37:29,463601695,JPN225,buy,Indices Tester,Indices Tester,Indices Tester,Indices Tester,Indices Tester,Indices Tester,Indices Tester,Indices Tester,0.05
1689,2025.11.25 13:37:31,463601709,JPN225,buy,Indices Tester,Indices Tester,Indices Tester,Indices Tester,Indices Tester,Indices Tester,Indices Tester,Indices Tester,0.05
1690,2025.11.25 13:37:33,463601723,JPN225,buy,Indices Tester,Indices Tester,Indices Tester,Indices Tester,Indices Tester,Indices Tester,Indices Tester,Indices Tester,0.05
1691,2025.11.25 13:37:35,463601739,JPN225,buy,Indices Tester,Indices Tester,Indices Tester,Indices Tester,Indices Tester,Indices Tester,Indices Tester,Indices Tester,0.05
1692,2025.11.25 13:37:37,463601750,JPN225,buy,Indices Tester,Indices Tester,Indices Tester,Indices Tester,Indices Tester,Indices Tester,Indices Tester,Indices Tester,0.05
1693,2025.11.25 13:37:39,463601766,JPN225,buy,Indices Tester,Indices Tester,Indices Tester,Indices Tester,Indices Tester,Indices Tester,Indices Tester,Indices Tester,0.05
1694,2025.11.25 13:37:41,463601778,JPN225,buy,Indices Tester,Indices Tester,Indices Tester,Indices Tester,Indices Tester,Indices Tester,Indices Tester,Indices Tester,0.05
1695,2025.11.25 13:37:43,463601791,JPN225,buy,Indices Tester,Indices Tester,Indices Tester,Indices Tester,Indices Tester,Indices Tester,Indices Tester,Indices Tester,0.05
1696,2025.11.25 13:37:45,463601802,JPN225,buy,Indices Tester,Indices Tester,Indices Tester,Indices Tester,Indices Tester,Indices Tester,Indices Tester,Indices Tester,0.05
1697,2025.11.25 13:37:47,463601809,JPN225,buy,Indices Tester,Indices Tester,Indices Tester,Indices Tester,Indices Tester,Indices Tester,Indices Tester,Indices Tester,0.05
1698,2025.11.25 13:37:49,463601825,JPN225,buy,Indices Tester,Indices Tester,Indices Tester,Indices Tester,Indices Tester,Indices Tester,Indices Tester,Indices Tester,0.05
1699,2025.11.25 13:37:51,463601836,JPN225,buy,Indices Tester,Indices Tester,Indices Tester,Indices Tester,Indices Tester,Indices Tester,Indices Tester,Indices Tester,0.05
1700,2025.11.25 13:37:53,463601840,JPN225,buy,Indices Tester,Indices Tester,Indices Tester,Indices Tester,Indices Tester,Indices Tester,Indices Tester,Indices Tester,0.05
1701,2025.11.25 13:37:55,463601849,JPN225,buy,Indices Tester,Indices Tester,Indices Tester,Indices Tester,Indices Tester,Indices Tester,Indices Tester,Indices Tester,0.05
1702,2025.11.25 13:37:57,463601859,JPN225,buy,Indices Tester,Indices Tester,Indices Tester,Indices Tester,Indices Tester,Indices Tester,Indices Tester,Indices Tester,0.05
1703,2025.11.25 13:37:59,463601866,JPN225,buy,Indices Tester,Indices Tester,Indices Tester,Indices Tester,Indices Tester,Indices Tester,Indices Tester,Indices Tester,0.05
1704,2025.11.25 18:35:01,463867430,DAX40,buy,Indices Tester,Indices Tester,Indices Tester,Indices Tester,Indices Tester,Indices Tester,Indices Tester,Indices Tester,0.03
1705,2025.11.26 18:35:01,464584234,JPN225,buy,Indices Tester,Indices Tester,Indices Tester,Indices Tester,Indices Tester,Indices Tester,Indices Tester,Indices Tester,0.05
1706,2025.11.26 18:35:03,464584284,JPN225,buy,Indices Tester,Indices Tester,Indices Tester,Indices Tester,Indices Tester,Indices Tester,Indices Tester,Indices Tester,0.05
1707,2025.11.26 18:35:05,464584303,JPN225,buy,Indices Tester,Indices Tester,Indices Tester,Indices Tester,Indices Tester,Indices Tester,Indices Tester,Indices Tester,0.05
1708,2025.11.26 18:35:07,464584321,JPN225,buy,Indices Tester,Indices Tester,Indices Tester,Indices Tester,Indices Tester,Indices Tester,Indices Tester,Indices Tester,0.05
1709,2025.11.26 18:35:09,464584336,JPN225,buy,Indices Tester,Indices Tester,Indices Tester,Indices Tester,Indices Tester,Indices Tester,Indices Tester,Indices Tester,0.05
1710,2025.11.26 18:35:11,464584384,JPN225,buy,Indices Tester,Indices Tester,Indices Tester,Indices Tester,Indices Tester,Indices Tester,Indices Tester,Indices Tester,0.05
1711,2025.11.26 18:35:13,464584440,JPN225,buy,Indices Tester,Indices Tester,Indices Tester,Indices Tester,Indices Tester,Indices Tester,Indices Tester,Indices Tester,0.05
1712,2025.11.26 18:35:15,464584468,JPN225,buy,Indices Tester,Indices Tester,Indices Tester,Indices Tester,Indices Tester,Indices Tester,Indices Tester,Indices Tester,0.05
1713,2025.11.26 18:35:17,464584485,JPN225,buy,Indices Tester,Indices Tester,Indices Tester,Indices Tester,Indices Tester,Indices Tester,Indices Tester,Indices Tester,0.05
1714,2025.11.26 18:35:19,464584509,JPN225,buy,Indices Tester,Indices Tester,Indices Tester,Indices Tester,Indices Tester,Indices Tester,Indices Tester,Indices Tester,0.05
1715,2025.11.26 18:35:21,464584601,JPN225,buy,Indices Tester,Indices Tester,Indices Tester,Indices Tester,Indices Tester,Indices Tester,Indices Tester,Indices Tester,0.05
1716,2025.11.26 18:35:23,464584618,JPN225,buy,Indices Tester,Indices Tester,Indices Tester,Indices Tester,Indices Tester,Indices Tester,Indices Tester,Indices Tester,0.05
1717,2025.11.26 18:35:25,464584630,JPN225,buy,Indices Tester,Indices Tester,Indices Tester,Indices Tester,Indices Tester,Indices Tester,Indices Tester,Indices Tester,0.05
1718,2025.11.26 18:35:27,464584644,JPN225,buy,Indices Tester,Indices Tester,Indices Tester,Indices Tester,Indices Tester,Indices Tester,Indices Tester,Indices Tester,0.05
1719,2025.11.26 18:35:29,464584652,JPN225,buy,Indices Tester,Indices Tester,Indices Tester,Indices Tester,Indices Tester,Indices Tester,Indices Tester,Indices Tester,0.05
1720,2025.11.26 18:35:31,464584667,JPN225,buy,Indices Tester,Indices Tester,Indices Tester,Indices Tester,Indices Tester,Indices Tester,Indices Tester,Indices Tester,0.05
1721,2025.11.26 18:35:33,464584687,JPN225,buy,Indices Tester,Indices Tester,Indices Tester,Indices Tester,Indices Tester,Indices Tester,Indices Tester,Indices Tester,0.05
1722,2025.11.26 18:35:35,464584704,JPN225,buy,Indices Tester,Indices Tester,Indices Tester,Indices Tester,Indices Tester,Indices Tester,Indices Tester,Indices Tester,0.05
1723,2025.11.26 18:35:37,464584716,JPN225,buy,Indices Tester,Indices Tester,Indices Tester,Indices Tester,Indices Tester,Indices Tester,Indices Tester,Indices Tester,0.05
1724,2025.11.26 18:35:39,464584727,JPN225,buy,Indices Tester,Indices Tester,Indices Tester,Indices Tester,Indices Tester,Indices Tester,Indices Tester,Indices Tester,0.05
1725,2025.11.26 18:35:41,464584740,JPN225,buy,Indices Tester,Indices Tester,Indices Tester,Indices Tester,Indices Tester,Indices Tester,Indices Tester,Indices Tester,0.05
1726,2025.11.26 18:35:43,464584755,JPN225,buy,Indices Tester,Indices Tester,Indices Tester,Indices Tester,Indices Tester,Indices Tester,Indices Tester,Indices Tester,0.05
1727,2025.11.26 18:35:45,464584764,JPN225,buy,Indices Tester,Indices Tester,Indices Tester,Indices Tester,Indices Tester,Indices Tester,Indices Tester,Indices Tester,0.05
1728,2025.11.26 18:35:47,464584775,JPN225,buy,Indices Tester,Indices Tester,Indices Tester,Indices Tester,Indices Tester,Indices Tester,Indices Tester,Indices Tester,0.05
1729,2025.11.26 18:35:49,464584786,JPN225,buy,Indices Tester,Indices Tester,Indices Tester,Indices Tester,Indices Tester,Indices Tester,Indices Tester,Indices Tester,0.05
1730,2025.11.26 18:35:51,464584806,JPN225,buy,Indices Tester,Indices Tester,Indices Tester,Indices Tester,Indices Tester,Indices Tester,Indices Tester,Indices Tester,0.05
1731,2025.11.26 18:35:53,464584815,JPN225,buy,Indices Tester,Indices Tester,Indices Tester,Indices Tester,Indices Tester,Indices Tester,Indices Tester,Indices Tester,0.05
1732,2025.11.26 18:35:55,464584830,JPN225,buy,Indices Tester,Indices Tester,Indices Tester,Indices Tester,Indices Tester,Indices Tester,Indices Tester,Indices Tester,0.05
1733,2025.11.26 18:35:57,464584845,JPN225,buy,Indices Tester,Indices Tester,Indices Tester,Indices Tester,Indices Tester,Indices Tester,Indices Tester,Indices Tester,0.05
1734,2025.11.26 18:35:59,464584876,JPN225,buy,Indices Tester,Indices Tester,Indices Tester,Indices Tester,Indices Tester,Indices Tester,Indices Tester,Indices Tester,0.05
1735,2025.11.27 18:35:01,465118113,JPN225,buy,Indices Tester,Indices Tester,Indices Tester,Indices Tester,Indices Tester,Indices Tester,Indices Tester,Indices Tester,0.05
1736,2025.11.27 18:35:03,465118127,JPN225,buy,Indices Tester,Indices Tester,Indices Tester,Indices Tester,Indices Tester,Indices Tester,Indices Tester,Indices Tester,0.05
1737,2025.11.27 18:35:05,465118151,JPN225,buy,Indices Tester,Indices Tester,Indices Tester,Indices Tester,Indices Tester,Indices Tester,Indices Tester,Indices Tester,0.05
1738,2025.11.27 18:35:07,465118162,JPN225,buy,Indices Tester,Indices Tester,Indices Tester,Indices Tester,Indices Tester,Indices Tester,Indices Tester,Indices Tester,0.05
1739,2025.11.27 18:35:09,465118173,JPN225,buy,Indices Tester,Indices Tester,Indices Tester,Indices Tester,Indices Tester,Indices Tester,Indices Tester,Indices Tester,0.05
1740,2025.11.27 18:35:11,465118179,JPN225,buy,Indices Tester,Indices Tester,Indices Tester,Indices Tester,Indices Tester,Indices Tester,Indices Tester,Indices Tester,0.05
1741,2025.11.27 18:35:13,465118189,JPN225,buy,Indices Tester,Indices Tester,Indices Tester,Indices Tester,Indices Tester,Indices Tester,Indices Tester,Indices Tester,0.05
1742,2025.11.27 18:35:15,465118202,JPN225,buy,Indices Tester,Indices Tester,Indices Tester,Indices Tester,Indices Tester,Indices Tester,Indices Tester,Indices Tester,0.05
1743,2025.11.27 18:35:17,465118216,JPN225,buy,Indices Tester,Indices Tester,Indices Tester,Indices Tester,Indices Tester,Indices Tester,Indices Tester,Indices Tester,0.05
1744,2025.11.27 18:35:19,465118226,JPN225,buy,Indices Tester,Indices Tester,Indices Tester,Indices Tester,Indices Tester,Indices Tester,Indices Tester,Indices Tester,0.05
1745,2025.11.27 18:35:21,465118236,JPN225,buy,Indices Tester,Indices Tester,Indices Tester,Indices Tester,Indices Tester,Indices Tester,Indices Tester,Indices Tester,0.05
1746,2025.11.27 18:35:23,465118247,JPN225,buy,Indices Tester,Indices Tester,Indices Tester,Indices Tester,Indices Tester,Indices Tester,Indices Tester,Indices Tester,0.05
1747,2025.11.27 18:35:25,465118259,JPN225,buy,Indices Tester,Indices Tester,Indices Tester,Indices Tester,Indices Tester,Indices Tester,Indices Tester,Indices Tester,0.05
1748,2025.11.27 18:35:27,465118270,JPN225,buy,Indices Tester,Indices Tester,Indices Tester,Indices Tester,Indices Tester,Indices Tester,Indices Tester,Indices Tester,0.05
1749,2025.11.27 18:35:29,465118280,JPN225,buy,Indices Tester,Indices Tester,Indices Tester,Indices Tester,Indices Tester,Indices Tester,Indices Tester,Indices Tester,0.05
1750,2025.11.27 18:35:31,465118287,JPN225,buy,Indices Tester,Indices Tester,Indices Tester,Indices Tester,Indices Tester,Indices Tester,Indices Tester,Indices Tester,0.05
1751,2025.11.27 18:35:33,465118303,JPN225,buy,Indices Tester,Indices Tester,Indices Tester,Indices Tester,Indices Tester,Indices Tester,Indices Tester,Indices Tester,0.05
1752,2025.11.27 18:35:35,465118307,JPN225,buy,Indices Tester,Indices Tester,Indices Tester,Indices Tester,Indices Tester,Indices Tester,Indices Tester,Indices Tester,0.05
1753,2025.11.27 18:35:37,465118318,JPN225,buy,Indices Tester,Indices Tester,Indices Tester,Indices Tester,Indices Tester,Indices Tester,Indices Tester,Indices Tester,0.05
1754,2025.11.27 18:35:39,465118321,JPN225,buy,Indices Tester,Indices Tester,Indices Tester,Indices Tester,Indices Tester,Indices Tester,Indices Tester,Indices Tester,0.05
1755,2025.11.27 18:35:41,465118330,JPN225,buy,Indices Tester,Indices Tester,Indices Tester,Indices Tester,Indices Tester,Indices Tester,Indices Tester,Indices Tester,0.05
1756,2025.11.27 18:35:43,465118337,JPN225,buy,Indices Tester,Indices Tester,Indices Tester,Indices Tester,Indices Tester,Indices Tester,Indices Tester,Indices Tester,0.05
1757,2025.11.27 18:35:45,465118343,JPN225,buy,Indices Tester,Indices Tester,Indices Tester,Indices Tester,Indices Tester,Indices Tester,Indices Tester,Indices Tester,0.05
1758,2025.11.27 18:35:47,465118349,JPN225,buy,Indices Tester,Indices Tester,Indices Tester,Indices Tester,Indices Tester,Indices Tester,Indices Tester,Indices Tester,0.05
1759,2025.11.27 18:35:49,465118354,JPN225,buy,Indices Tester,Indices Tester,Indices Tester,Indices Tester,Indices Tester,Indices Tester,Indices Tester,Indices Tester,0.05
1760,2025.11.27 18:35:51,465118365,JPN225,buy,Indices Tester,Indices Tester,Indices Tester,Indices Tester,Indices Tester,Indices Tester,Indices Tester,Indices Tester,0.05
1761,2025.11.27 18:35:53,465118372,JPN225,buy,Indices Tester,Indices Tester,Indices Tester,Indices Tester,Indices Tester,Indices Tester,Indices Tester,Indices Tester,0.05
1762,2025.11.27 18:35:55,465118392,JPN225,buy,Indices Tester,Indices Tester,Indices Tester,Indices Tester,Indices Tester,Indices Tester,Indices Tester,Indices Tester,0.05
1763,2025.11.27 18:35:57,465118405,JPN225,buy,Indices Tester,Indices Tester,Indices Tester,Indices Tester,Indices Tester,Indices Tester,Indices Tester,Indices Tester,0.05
1764,2025.11.27 18:35:59,465118412,JPN225,buy,Indices Tester,Indices Tester,Indices Tester,Indices Tester,Indices Tester,Indices Tester,Indices Tester,Indices Tester,0.05
1765,2025.11.28 18:35:01,465698343,JPN225,buy,Indices Tester,Indices Tester,Indices Tester,Indices Tester,Indices Tester,Indices Tester,Indices Tester,Indices Tester,0.05
1766,2025.11.28 18:35:03,465698354,JPN225,buy,Indices Tester,Indices Tester,Indices Tester,Indices Tester,Indices Tester,Indices Tester,Indices Tester,Indices Tester,0.05
1767,2025.11.28 18:35:05,465698363,JPN225,buy,Indices Tester,Indices Tester,Indices Tester,Indices Tester,Indices Tester,Indices Tester,Indices Tester,Indices Tester,0.05
1768,2025.11.28 18:35:07,465698376,JPN225,buy,Indices Tester,Indices Tester,Indices Tester,Indices Tester,Indices Tester,Indices Tester,Indices Tester,Indices Tester,0.05
1769,2025.11.28 18:35:09,465698394,JPN225,buy,Indices Tester,Indices Tester,Indices Tester,Indices Tester,Indices Tester,Indices Tester,Indices Tester,Indices Tester,0.05
1770,2025.12.05 21:51:29,469517445,SP500,buy,,,,,,,,,0.05
1771,2025.12.08 21:48:59,470301510,NAS100,buy,,,,,,,,,0.05
1772,2025.12.08 22:07:54,470303963,NAS100,buy,,,,,,,,,0.02 / 0.12
1773,2025.12.11 04:00:00,471701268,SP500,buy,250024,250024,250024,250024,250024,250024,250024,250024,0.2
1774,2025.12.11 05:00:01,471728151,SP500,sell,250021,250021,250021,250021,250021,250021,250021,250021,0.2
1775,2025.12.11 18:00:00,472196779,SP500,buy,250064,250064,250064,250064,250064,250064,250064,250064,0.2
1776,2025.12.12 05:00:02,472381926,SP500,buy,250008,250008,250008,250008,250008,250008,250008,250008,0.2
1777,2025.12.12 18:00:00,472842578,SP500,sell,250033,250033,250033,250033,250033,250033,250033,250033,0.2
1778,2025.12.15 17:00:00,473463511,SP500,buy,250024,250024,250024,250024,250024,250024,250024,250024,0.2
1779,2025.12.17 20:00:00,474851918,SP500,sell,250075,250075,250075,250075,250075,250075,250075,250075,0.2
1780,2025.12.19 20:00:01,475971400,SP500,buy,250021,250021,250021,250021,250021,250021,250021,250021,0.2
1781,2025.12.22 01:05:01,476051251,SP500,buy,250006,250006,250006,250006,250006,250006,250006,250006,0.2
1782,2025.12.29 02:00:01,478335560,US30,buy,,,,,,,,,0.02
1783,2025.12.29 14:00:00,478733279,US30,buy,,,,,,,,,0.02
